BWT,KQZ,17
JBD,GHS,17
DCK,BNH,17
BMCK,MNGD,17
GBB,TK,17
MOO,YA,17
COM,NDH,17
MIO,RTGH,17
MDGR,127BJRI,17
MDGR,BJRI,17
DWM,WRD,17
VNUP,NDKD,17
DNN,PMQ,17
DI,TNA,17
JIL,BTD,17
TKWD,TLT,17
NLDA,TPPI,17
BRH,KTO,17
ANDI,BHD,17.02
KWAE,NBKH,17.02
MRC,MTU,17.03
LKW,BSGR,17.05
HSQ,PJA,17.07
PTWA,KTE,17.07
SNGN,SAS,17.07
PNVL,KNDS,17.1
BTR,TRA,17.1
CDBH,RC,17.14
KQW,MTD,17.16
JHS,BJI,17.17
SMKT,HLAR,17.18
PCG,CBK,17.2
HLDR,KJLU,17.21
NUR,RDDE,17.22
BRMD,NIM,17.28
MDU,TDN,17.32
KIKA,BINA,17.33
CTHT,NWD,17.35
CGY,CGV,17.35
SPO,NOK,17.36
NMDA,KMNN,17.36
CPB,CNB,17.39
BAF,SIRD,17.43
NLV,KTCH,17.43
MSH,MSH,17.44
UMN,JDNM,17.44
TZR,BGHI,17.45
HMY,TPG,17.46
SFC,DFR,17.47
RYP,BZA,17.49
MONJ,BSI,17.5
KON,SER,17.51
SDY,SBJ,17.57
GTE,MHD,17.57
GILL,LDH,17.6
KHRY,RBGJ,17.66
KSAE,UMM,17.68
DMG,GKP,17.7
BCD,BUI,17.7
KAW,PARH,17.7
WDJ,BRW,17.7
NDJ,SAHR,17.7
PRKD,HBD,17.73
HBD,ET,17.73
PPI,SXF,17.77
JNK,TABU,17.78
KFT,DTO,17.78
BWF,MWX,17.8
DIC,BVI,17.8
MLC,MHJ,17.81
KWD,SSM,17.84
BDWL,PIRN,17.84
LPJ,GOP,17.84
TKPL,BLS,17.86
BEB,BFT,17.87
CKKD,CAER,17.87
KNN,GVG,17.88
CTQ,TORI,17.89
KLGM,KKPM,17.89
NGO,MDW,17.91
MAY,SPPR,17.92
MDPA,BHL,17.95
ANGR,BSRX,17.96
ACU,BARH,17.98
SPT,IPM,18
DPK,SDS,18
APH,RMSR,18
CLC,DARI,18
DOK,KTGD,18
FL,JOB,18
BKP,BARH,18
SJS,RGQ,18
CRW,HSR,18
TLGI,HPHI,18
BMCK,THV,18
KMP,KB,18
KOL,ROHA,18
RGS,GND,18
GUX,AMX,18
TDU,NAW,18
ROU,KRMD,18
CGY,KTYM,18
SUP,MVW,18
BNQ,NKB,18
BOKE,UKC,18
RRB,AJP,18
DDA,SV,18
BJP,MNL,18
MYK,250JRU,18
MYK,JRU,18
NRLR,LJR,18.01
MZW,TIA,18.01
CPS,SISN,18.01
KOKA,BRD,18.01
HTD,AHO,18.02
GWL,BBY,18.03
MTPC,DHR,18.03
SSA,BGD,18.03
SYC,THW,18.04
BLQR,RUPC,18.08
KEE,JMT,18.13
MPO,PMI,18.15
KVTA,HAD,18.15
BIM,JRS,18.19
NRKR,DDMT,18.22
MRBL,RNBT,18.23
MONR,LDVD,18.23
RGG,KHRJ,18.32
BIH,BPL,18.33
PRDG,AJLE,18.34
AJLE,MGLE,18.34
TVTN,CNA,18.35
MZU,RYC,18.46
NOQ,NBS,18.47
BEI,BDVT,18.48
NOI,RTZ,18.48
GMAN,KLP,18.48
KCO,KCU,18.51
MHO,ARJ,18.51
BQQ,REI,18.54
DSD,USD,18.56
BNRD,BLGR,18.61
JAJ,RJLA,18.64
MNJR,JPD,18.67
BME,JSA,18.67
JIND,BZO,18.68
BQZ,SXP,18.69
XSAD,NWD,18.72
MGAE,LAP,18.77
APN,MPLI,18.82
ALNI,DDV,18.83
KQN,VDP,18.87
RJAK,SPDM,18.87
BJL,GPZ,18.88
TRTR,KFE,18.89
UMD,PJR,18.89
DIQ,BDU,18.9
KUR,RTN,18.91
KOJ,SLKX,18.94
BAT,BATM,18.96
MBY,PTRL,18.96
DPK,HMH,19
APN,VGE,19
GZB,DLI,19
RGDA,THV,19
KHED,ANO,19
JUP,SWNI,19
KUR,BBS,19
NVL,VRI,19
RPAN,DKGN,19
BJV,BPR,19
UKC,SGR,19
PRV,KKTI,19.02
BNDA,DWI,19.03
YGA,BDM,19.06
KMNR,UDGR,19.07
HAA,KAWR,19.07
BNTL,FRG,19.08
HYA,BNN,19.08
PIO,CYI,19.08
BRGA,BRPL,19.09
DJB,HTL,19.12
SRK,MWT,19.13
KTRA,DBA,19.13
MFQ,DMYA,19.13
SNT,MWZ,19.26
AKW,ICL,19.27
HNA,KT,19.29
PNE,BHP,19.31
KKHT,DBG,19.31
GHJ,MLKP,19.32
KUDA,SEN,19.34
JLR,NUD,19.35
BIJR,SEN,19.37
MOY,SHDM,19.4
JWP,HW,19.47
DTF,KL,19.51
JNR,CNX,19.53
GZT,GCT,19.53
MDVR,SLI,19.56
PRND,QLN,19.59
SHW,BNT,19.61
MIL,NRS,19.62
JGF,GMX,19.62
CHDX,BUH,19.63
JKE,PKRD,19.64
GALA,BZA,19.65
SVN,MUE,19.68
RSWN,CAI,19.71
MB,GOT,19.72
NLE,CHV,19.72
GTF,CH,19.73
AHD,HG,19.77
JRLE,AHN,19.78
KGVL,DOGL,19.8
GTQ,NRM,19.87
CLKN,MNDR,19.91
PMKT,LNT,19.91
ODHA,KW,19.91
NGN,PJN,19.97
HLD,BDO,20
BAT,QDN,20
SADP,KSN,20
NRDP,BN,20
KADI,KLL,20
WFD,MLO,20
LNH,FPS,20
YFP,GCT,20
BNR,HJP,20
BHV,SEY,20
AVRD,SGR,20
BDVT,MSS,20.01
CPK,RAHA,20.02
LNK,KGKD,20.03
DMN,TLN,20.04
SFK,BUDM,20.04
SLON,AONI,20.09
HAA,ANKL,20.11
KAJ,BJY,20.13
MNU,TRO,20.13
PKD,NRYP,20.15
ANSB,BNLY,20.2
RNBD,RWO,20.27
BBO,HPU,20.29
BAU,WGA,20.3
JOM,GOTN,20.3
DPS,MLKA,20.34
LHLL,KLNK,20.35
PUL,LHM,20.36
NHK,DJG,20.36
DAVJ,JUC,20.43
JRNA,TLMR,20.43
KXN,KLG,20.46
GUNA,MUGA,20.47
HMB,SVGL,20.5
CHLR,JAB,20.51
NKRA,SIRD,20.53
GDA,KIZ,20.56
MEKM,MNM,20.56
KILE,BVI,20.56
KRNI,GLPT,20.6
AMLR,GUV,20.61
KDGL,MRGA,20.62
QSR,DWO,20.65
SKGH,LUSA,20.69
MKHR,RDRA,20.71
DMM,CCA,20.72
DBU,RNN,20.72
GNRD,MLGH,20.84
CPM,SNKL,20.86
CKP,LPH,20.86
DRS,MJ,20.86
KZA,PNYA,20.87
GNST,NVS,20.92
TNJE,KTH,20.93
VWP,CAR,20.94
HLD,TATA,21
DHE,MFJ,21
DHE,ARJ,21
DMH,SHC,21
NMZ,NKB,21
LMP,HA,21
BAM,CAP,21
KAG,DVG,21
NAN,KKW,21
DEOS,BTT,21
CRP,KTH,21
PMKT,ADB,21
TLGI,AVC,21
ULG,MJBT,21
CTA,AMC,21
CTA,BAHI,21
BUF,BXF,21
RS,NNP,21
RN,NIV,21
GNS,SKY,21
JUP,SDLP,21
KUU,BALU,21
BYL,USL,21
VNUP,MRGA,21
MRGA,TPPI,21
BJV,PBE,21
LPI,SKP,21
LKR,MKB,21.03
CAG,BLO,21.07
STA,LGCE,21.11
GHQ,GHD,21.16
PAVP,GWM,21.21
BOE,DHNA,21.21
MNM,NKK,21.22
TIW,OSN,21.23
SBLT,JCH,21.25
GHLE,SNT,21.29
RORA,MRPR,21.31
BMKI,CHAH,21.33
WANI,KAYR,21.35
GAGA,ADQ,21.42
CRC,KLAR,21.44
TTL,SLGM,21.44
GGKR,LHA,21.46
MVLK,CYN,21.5
SNP,BDMJ,21.52
SNP,SLKN,21.52
BSBY,LOT,21.55
DHNR,BHBK,21.56
AWM,PGP,21.57
HDB,KSBI,21.59
SBLT,OCH,21.61
HLDD,LKU,21.63
GWD,ARPL,21.7
KRHA,JYG,21.71
MAU,PLGH,21.72
BUW,SDAM,21.72
MUR,TRE,21.72
DJD,KRND,21.72
HYT,RBZ,21.73
CAA,HRNG,21.73
GHJ,KHDP,21.73
MSH,BHU,21.73
DLB,AWB,21.75
BDKN,SHNG,21.77
PNDM,ICG,21.78
DPJ,PCV,21.78
BKJ,KUDA,21.79
ETR,CMC,21.79
GUD,GTS,21.83
KSAE,ABX,21.89
KHOH,CKTD,21.9
TKRI,LKMR,21.9
APK,VPT,21.92
BTH,MJL,21.93
JMIR,ARA,21.96
JKL,KNJ,21.99
CLC,AEP,22
NAN,VBW,22
VID,ADVI,22
SLM,RDG,22
AGN,G,22
AHD,SUR,22
GNS,PDE,22
PGRL,NDKD,22
SC,LPI,22
BHWA,DNRP,22
VLA,SEJ,22
LBA,BDIN,22.02
MGME,MGME,22.07
GUB,LKU,22.13
API,ODC,22.14
JHS,MSV,22.18
NKRA,DTRD,22.22
BUG,AWS,22.24
PEP,JGKS,22.28
KSG,GEK,22.28
MPH,RMU,22.32
BMF,PPLC,22.32
SYH,ARJ,22.32
MAUL,PGW,22.33
VEN,KRMI,22.34
MAEL,RMT,22.34
APDC,APDJ,22.43
MXY,DXN,22.45
NED,MTDI,22.49
BLTR,TTI,22.49
BAL,AYN,22.51
SVH,BTY,22.51
CLG,EKC,22.53
HRSN,TNL,22.57
NRZB,KKI,22.63
MFA,BWPB,22.63
HBU,BHLK,22.78
BZU,MALK,22.79
DGS,NPI,22.82
KAL,PNGI,22.83
QGT,DTE,22.84
BAF,MAAR,22.85
DKJ,KMT,22.85
KMT,MLMG,22.85
BKJ,UD,22.87
MEP,LNR,22.91
MULK,SL,22.93
PEM,POM,22.93
SBNM,JJG,22.95
LKSH,VND,22.97
SVHE,HBS,22.98
BQA,ANCR,22.98
TNU,ERS,22.99
SPJ,DSS,23
DMH,MRIJ,23
BAW,DBL,23
LKN,KGG,23
GUMI,BDO,23
KCF,APDJ,23
UGWE,PTZ,23
KGB,USL,23
VID,RAJP,23
DGA,SEE,23
KIR,LAV,23
ULG,TNL,23
JYM,ZW,23
GNT,SRPM,23
KSG,MD,23
VBW,RAJP,23
ADVI,NIV,23
GVR,TNL,23
SMI,RUSD,23
GGJ,ABP,23
CHI,ANO,23
GMD,BGTA,23.01
SHEO,DBG,23.05
TBX,CBZ,23.08
GIBP,AHA,23.1
JCH,THM,23.19
TLMD,KSF,23.24
BLLI,CNO,23.24
DBW,GPZ,23.24
GTU,PRLI,23.31
CC,SANR,23.34
CNDM,SUPR,23.35
APE,NGT,23.37
KGB,KLTR,23.39
NWU,BBAI,23.39
DSS,BSRA,23.42
BHTN,BMR,23.43
IRP,QLN,23.48
JID,BRHU,23.51
JSA,BBC,23.54
BKP,EC09,23.55
ALLP,TMPY,23.56
PPT,AMPL,23.59
PRR,TAO,23.63
HX,KPU,23.67
LMO,BSWD,23.72
MIX,VJA,23.74
RJY,KYM,23.75
OPL,JMKT,23.75
NGWN,MRND,23.75
AAH,BIX,23.76
RANI,BGPR,23.77
NNL,MBV,23.82
SRR,VTK,23.83
AKP,KSK,23.83
IJK,NYI,23.84
KPTO,MJP,23.87
MDP,JRW,23.95
VAK,QLN,24
BAM,IPM,24
SADP,YG,24
STP,HA,24
RHG,BKI,24
NNR,MSK,24
SLH,R,24
SLB,MDN,24
KKM,HX,24
LDE,SONR,24
AII,NSD,24
SG,PBE,24
MIN,NNP,24
VBL,PVP,24
VDS,MDP,24
JNRD,BWIP,24
KJPD,CUPJ,24
SUX,MNM,24.01
ATUL,BL,24.07
GUL,GVI,24.08
RJK,KD,24.12
NAT,BGP,24.16
RLW,ASAF,24.23
KATI,STLB,24.25
AH,RAI,24.28
AKY,KHT,24.3
JEP,ARW,24.31
LNK,GOD,24.35
ENBG,KLL,24.37
UMN,KLL,24.37
THVM,KRMI,24.38
BNJN,DWX,24.38
SPV,RRB,24.41
KDE,NMJ,24.41
CLR,TGT,24.48
KCD,GKM,24.48
KLKH,BNTL,24.5
MNPR,RPAR,24.68
TDW,RAA,24.72
PGK,AMPR,24.77
AIT,BHUA,24.78
KHDI,PDH,24.8
DNA,KRC,24.81
MS,MSC,24.82
KYS,BXA,24.84
PML,PDV,24.85
KFQ,KTYM,24.86
MSMD,BLSN,24.88
KJKD,PGT,24.88
JHH,BJO,24.89
KCR,KLRS,24.91
HNA,MANK,24.92
BAB,BPW,24.96
KAYR,LNT,24.96
PAN,MNAE,24.99
PDR,BRK,25
MFP,DOL,25
MS,TBM,25
NW,YG,25
SVDK,UHP,25
KKW,SNDD,25
MOO,KDP,25
KHED,DWV,25
RC,KSN,25
MKA,BARH,25
UDZ,KRCD,25
TDU,MVH,25
AMB,MNGD,25
ULA,CWA,25
CTYL,NLDA,25
CC,GKP,25
KAD,LNL,25.07
MALX,MALB,25.1
PNB,DGU,25.19
GRS,ATT,25.21
DUM,RKR,25.22
HMH,DBI,25.23
MOW,ASR,25.24
SHK,KSMB,25.25
JNR,BCPR,25.26
STL,TLB,25.29
NKDO,TIM,25.29
KLI,RPJ,25.34
MXO,ABR,25.36
KLGN,NMKL,25.48
PSA,PUN,25.53
KXL,FKG,25.68
KQN,ABI,25.68
GZB,MFH,25.69
PKM,CBF,25.69
ANR,BGA,25.72
RKN,HTJ,25.74
KPNA,AKT,25.76
MKA,SIVN,25.8
SVK,TMQ,25.86
MUZ,MDNR,25.86
MYL,DHNE,25.89
STR,JSV,25.91
RASP,MALR,25.92
JND,VAL,25.96
GRL,MFP,26
MLN,GK,26
AMSA,TTR,26
PSA,NWP,26
HBG,BUQ,26
GZB,PKW,26
MJZ,PBE,26
MJZ,51PBE,26
BUQ,SKY,26
MJ,FLD,26
KUR,NKP,26
ASK,TTR,26
JMU,JAJ,26
NMT,AGI,26.01
JLP,DAS,26.02
TLAM,SLD,26.02
GBP,BJNR,26.06
MSH,LCH,26.08
RGL,LPG,26.12
MFP,KVC,26.14
RHI,MKSR,26.15
CPJ,KSNR,26.16
SHAD,KYN,26.19
KEQ,MML,26.22
DNX,RPHR,26.25
AEX,ANF,26.37
TDV,MKL,26.43
LKBL,JAM,26.43
APT,BBPM,26.46
KAQ,KCC,26.46
DKE,LGT,26.46
HMH,NAWN,26.5
MRJ,VJR,26.53
KDPR,HCR,26.57
KDPR,SM,26.57
LMC,THAN,26.61
SNE,KRD,26.64
DAC,PPS,26.67
GOK,KT,26.73
BHKL,BBA,26.74
CPU,AGY,26.77
MRJ,VRB,26.79
SMGR,AONI,26.81
NLV,PBL,26.86
TKO,AJJ,26.89
BILD,RTI,26.9
SKPA,BON,26.91
AMSA,GBB,27
KKU,JOB,27
NMH,NBH,27
KIAT,DBL,27
QLN,KPY,27
NWA,NIR,27
BPHB,R,27
AWR,KRH,27
BNW,DZL,27.07
BMI,AGR,27.14
NBA,KKRL,27.16
LAK,BGS,27.17
MAZ,BRWD,27.18
UPR,PTU,27.24
GAJB,SGAM,27.28
LBO,BXA,27.29
CIK,AH,27.31
SFW,SFF,27.31
GVR,KBY,27.31
GWS,KPV,27.36
HPGM,KUR,27.38
KART,BARJ,27.39
RDT,DARA,27.42
CHTL,AADR,27.44
KOWN,DMGN,27.49
KAJG,LSR,27.5
RSNA,DISA,27.54
ATP,TAC,27.55
BUR,BUW,27.57
BAGA,KAWT,27.6
KXP,KZK,27.63
DKT,LLU,27.65
KCI,VLD,27.66
DNA,JACN,27.68
NAC,GVMR,27.68
MBNL,LDM,27.72
DEOS,BALR,27.75
GDB,DQV,27.8
BSBR,RJG,27.81
SNT,RPH,27.81
KSI,NLQ,27.84
NSL,TR,27.85
NCH,MXN,27.86
GDL,SE,27.91
SMU,RPJ,27.91
MGM,BTY,27.92
JNU,KCT,28
HTZU,BGS,28
KIUL,JMU,28
LKO,BBK,28
EKMA,CPR,28
RC,MALM,28
GTL,GY,28
KUH,RTM,28
TU,KDP,28
DLK,KNE,28
AUWA,MJ,28.05
SYO,MKC,28.08
CHOK,KJT,28.15
HPH,MALM,28.18
BRCK,GD,28.25
ATE,BUS,28.36
KMMD,NAB,28.38
RPK,SKP,28.4
KLRE,NVA,28.42
CPR,GTST,28.42
AVN,CTRE,28.43
NZG,MVI,28.47
DLPH,BNDP,28.5
BSS,DUI,28.53
MQL,PAU,28.54
GNW,CWA,28.57
BTE,HK,28.59
RK,IQB,28.6
GUG,CAS,28.78
BHC,RNTL,28.8
PATM,JMP,28.83
KGQ,KMQ,28.84
KSJ,MHA,28.97
ROA,NRN,28.97
BARL,CHWT,28.98
VKB,SKP,29
BKI,DO,29
CPR,SIP,29
DGA,CI,29
BIC,TQN,29
KIT,GAM,29
BGWD,GPB,29
COR,NBH,29
AII,KSG,29
KSX,BKSC,29
JSME,MDP,29
GATD,MURI,29
SMI,BGU,29
JKO,GY,29.01
NNKR,JGN,29.02
DIW,BEAS,29.11
KALI,HPU,29.11
RMB,GLKN,29.16
MSDH,RXL,29.19
BIC,MJPB,29.2
KZE,NLE,29.24
TKS,PTRU,29.28
PDL,PGDI,29.28
MGKM,ABSA,29.35
TJD,CBN,29.36
BRDB,BYSA,29.36
DLR,JKN,29.37
SL,TOK,29.38
DAB,SQE,29.48
VEI,PALM,29.49
AKM,ELR,29.5
KLU,PMD,29.5
KAOT,PLO,29.51
PRBZ,PNBE,29.52
MIYN,KIR,29.53
MJR,NPKM,29.53
LNL,MVL,29.57
SEG,JM,29.59
MJBT,HJLI,29.62
CX,PDH,29.63
JBP,MML,29.65
GDD,JSD,29.66
YGL,NKD,29.67
WL,NKD,29.67
KID,ICL,29.69
PVR,BHLI,29.71
PNU,SID,29.74
KHNM,GRMR,29.84
JNH,JUA,29.87
HMY,TUJ,29.92
CTO,PTT,29.92
KXG,UMED,29.97
TDH,SGUD,30
RJN,DURG,30
MB,AMRO,30
KCT,ARJ,30
CPP,VZM,30
CPR,DGA,30
NMM,MJBT,30
TMV,MLMR,30
TL,NRI,30
MAV,TJ,30.03
BMK,MBY,30.09
MZM,CNK,30.1
CTJ,BEHR,30.12
DAQ,ALJN,30.14
DTRA,NRI,30.19
MLHA,CVR,30.23
SNI,TGP,30.27
MEX,MSBR,30.3
MLB,AHI,30.34
NED,WNG,30.4
ORGA,NXN,30.51
LKA,HWX,30.55
MJ,RKZ,30.57
KPV,ALJ,30.59
DUI,RJMA,30.68
JWB,MOI,30.69
PRGL,TBM,30.7
MMY,MDB,30.71
MABD,TAA,30.71
JGBR,CNPR,30.81
CNPR,GMIA,30.81
CHCR,TAR,30.92
CPDR,HHG,30.93
GDG,HBL,30.94
NU,GPC,30.95
GRE,HRBR,30.96
SWX,FZR,30.96
CKLA,FKA,30.98
BCY,ARJ,31
FHT,FAR,31
RJN,DGG,31
NUH,ANDN,31
BAY,SLM,31
KRBO,SEY,31
PGRL,SAP,31
AY,GGJ,31
CGL,TBM,31
BYT,BYL,31
DIA,SVO,31.01
JHS,ORC,31.13
NCJ,THX,31.19
FK,KN,31.19
DGG,JTR,31.21
KMU,TRM,31.21
CHTT,BIDR,31.28
SVT,TAN,31.38
RK,DNRA,31.43
OTK,ALU,31.44
BOD,RNH,31.6
SDL,BDWA,31.67
GAI,MSK,31.72
ATU,TVS,31.74
BBHL,DYP,31.77
MBNL,KOF,31.86
SPT,PSA,32
MLN,PP,32
SRR,TCR,32
ATU,CHSM,32
CRJ,VDS,32
JBD,FKA,32
DCK,LHBK,32
BHI,BPR,32
SPO,DSO,32.15
JLR,DJI,32.18
CVD,ED,32.28
PKZ,FDK,32.28
KULH,BQP,32.37
RTGH,LOHA,32.44
MOU,JRA,32.45
HML,BVV,32.45
HSI,KRH,32.56
PDRD,BTP,32.56
RNRD,MRPR,32.58
BUM,KPD,32.64
NMDA,JNCV,32.69
SUU,IGU,32.69
CPM,RJPM,32.76
LTRR,GANI,32.8
CVP,NLL,32.86
BISH,JOR,32.87
DMM,BSPL,32.97
RTM,JAO,33
MOMU,THKU,33
MUQ,KLT,33.06
LTRR,CKX,33.06
NMH,JMKL,33.11
PORA,HRS,33.16
SCV,KNL,33.17
KUN,BZK,33.18
GRI,HP,33.25
TNJR,PT,33.27
BEY,KEF,33.3
MRBL,KBJ,33.3
KRBR,JPZ,33.3
GHG,CDG,33.33
BHZ,HJO,33.41
DME,DAS,33.43
BCA,FAH,33.46
CGS,AGT,33.62
LD,SVTN,33.66
DNKL,DNDL,33.68
OTN,FKG,33.73
NRW,GSO,33.79
MOTH,ERC,33.89
CPQ,BNGN,33.98
AJRE,JID,33.99
JNU,SHG,34
LMP,GK,34
JIND,NRW,34
KDLR,KSNG,34.18
PNP,BBDE,34.26
KHRY,LUSA,34.37
GZM,MLDT,34.5
PYOL,TKT,34.61
KZW,KTF,34.62
DOY,KRNR,34.64
JNX,JOR,34.67
LPJ,KNLS,34.67
RVK,APDJ,34.73
KPL,KTV,34.74
BSA,MTJ,34.8
GHB,BTI,34.85
JARI,DQN,34.95
PERN,MADR,34.97
AMH,RKS,34.99
MGL,BGK,34.99
PDR,GD,35
STA,MYR,35
STP,SD,35
PP,PBE,35
FZP,GHS,35
DMNJ,DMRT,35.11
SUNM,HGJ,35.11
JNZ,BLDI,35.22
NSZ,SUW,35.36
JND,SHH,35.4
PEP,CBN,35.4
SNRL,MNGD,35.45
STBD,KRMR,35.53
BKH,PPI,35.56
GDR,KQA,35.67
PW,CTKT,35.7
KAL,DKO,35.71
SQD,PMK,35.73
PNF,MRTY,35.75
NAND,PDD,35.77
DGG,PJB,35.81
CIL,KDF,35.81
UNLA,GKC,35.81
MWW,AWR,35.83
CGL,RDY,35.98
PND,JTI,36
RHG,AWR,36
CTA,CHKE,36
BUI,SIP,36
BEAS,JUC,36
R,DURG,36
CGL,MLMR,36
GATD,RNC,36
DWX,AJKI,36.02
DPE,HUP,36.05
PWXP,BXR,36.17
DMV,KHKT,36.21
KIN,BSJ,36.25
MEJ,CVP,36.3
SMDM,MPA,36.31
SXB,BGM,36.31
GTLW,GTL,36.36
SKB,MNR,36.49
CNDB,SIRL,36.58
PJPT,BTH,36.61
KKDI,KTYR,36.68
DWR,KRKP,36.7
BNA,BNP,36.83
BNVD,GOP,36.86
WSE,SAU,36.9
SRJ,COI,37
GZB,HPU,37
TMV,VM,37
NRW,KLE,37
GDBR,CNI,37.17
LKMR,KKGM,37.18
TMV,MTL,37.28
NSL,ANK,37.31
MUK,NRT,37.35
KHNM,BHDR,37.36
BGY,RJLK,37.39
LSI,DBG,37.42
DKD,POO,37.43
KRLR,OBR,37.58
PPKD,OBR,37.58
PDY,VI,37.63
TTU,KVZ,37.65
GER,VTA,37.7
YAD,AK,37.76
MRHT,MOX,37.81
CKRD,HJP,37.85
MRGA,NLDA,38
FD,RDL,38
LSX,KHPL,38.09
KTRD,GLD,38.11
DRE,SCPD,38.32
MTMI,BKL,38.35
MVJ,BIML,38.37
RLA,VVV,38.45
MSAE,NBAE,38.66
DPR,HBW,38.74
OCH,AQG,38.8
KMME,DHN,39
DRU,ASK,39
CPP,CHE,39
HX,NRE,39
PBE,BPR,39
BAOL,BTU,39.09
PNVT,JPZ,39.15
NDAE,VSPR,39.17
MZV,BWT,39.19
DRU,BLKR,39.2
KMU,DSM,39.23
PDPL,KYOP,39.31
BYY,BRTG,39.35
BSSL,JUYA,39.5
BIC,NSA,39.53
DWA,LAR,39.6
BADK,BTU,39.76
CKM,JGN,39.88
DOZ,BNGM,39.97
DOZ,SDH,39.97
ANDN,LVR,39.98
MCU,BTM,39.99
NUH,BNY,40
BIC,MIN,40
GCT,ARJ,40
KGG,OLP,40.13
DUR,IDJ,40.13
SRBR,MALB,40.18
KDT,KLU,40.26
NLPD,PRCA,40.3
ZPL,PSPY,40.38
DDN,HRW,40.42
MDL,BHL,40.69
BRWD,CPDR,40.69
DBRG,DMGN,40.69
RKK,KNL,40.69
RMQ,CBK,40.81
MKC,TAN,40.88
APR,SDL,41
MFP,RUSD,41
VAK,TVC,41
KKDE,UMB,41
ANDN,GKP,41
KOU,RU,41
NSD,BJNR,41
AD,MALM,41
KYQ,RNY,41
MZR,MANA,41.05
PAK,DCU,41.06
KCA,JTHT,41.07
KGLE,JVT,41.12
RT,LUNI,41.14
MHRG,ZP,41.21
GLNA,BKI,41.24
GDQ,VKB,41.41
KKDE,DHKR,41.41
DMM,NGM,41.47
MFM,FZR,41.51
NEA,SA,41.53
JCNR,BSR,41.54
DEOR,MITA,41.69
WKR,WKRC,41.73
BJNR,MAKH,41.77
SWAR,BTE,41.85
PAK,PAM,41.85
BUG,KPB,41.85
MPL,PIL,41.96
VKB,TDU,42
SBP,BRGA,42
BEAS,ASR,42
AO,CH,42
BN,RMNP,42
BOF,KLK,42
PLK,BXM,42
HAS,ALUR,42.06
MP,TEN,42.12
SSKA,CH,42.17
DULP,BXC,42.18
CSN,HPR,42.19
GOC,TPTN,42.26
KBPR,NRJ,42.29
ATS,BRGA,42.31
PG,PBN,42.35
HDL,KSV,42.38
VKP,TDPR,42.45
GNA,BTI,42.47
CNPI,BSKH,42.52
MLK,DHNE,42.53
BRGJ,KNW,42.54
GTL,MLGT,42.65
SUBL,KNO,42.8
BOR,UOI,42.88
KID,MTH,42.89
AMLA,LLD,42.97
SHG,ABP,43
SD,MBP,43
RDHP,PLE,43.01
KCP,BHLK,43.04
CPR,TKV,43.05
KAMP,KRJ,43.3
KMNC,THMR,43.32
PNU,UM,43.37
PKRA,CBJ,43.37
BLGR,DFR,43.4
POF,AMS,43.56
AMSA,SPGR,43.68
ABP,JFG,43.91
DNA,GCH,43.94
IMR,BJP,43.97
MB,CH,44
JSME,JAJ,44
PGT,PLL,44.2
MDDP,ITKL,44.4
DG,KUTR,44.48
APK,TCH,44.57
TKRU,BGQ,44.57
CPK,LPN,44.58
KGP,JPR,44.69
KSW,PPR,44.74
AS,MHJ,44.77
JRLE,GALE,44.8
JJKR,JKPR,44.86
JKPR,BUDR,44.86
IGP,GO,44.9
CLF,JTI,44.9
DHRY,HJI,44.92
PC,GAA,44.94
GMDA,PVPT,44.96
SRR,KRKD,44.99
SVD,J,44.99
RGDA,PVPT,45
CHRU,RMU,45
SRB,JMP,45.05
DHNL,HVD,45.1
KAGR,JHL,45.18
BNU,GEA,45.21
DOA,SNL,45.32
BAPN,HPO,45.46
DLGN,GLV,45.48
LW,BLDI,45.5
KUC,AFK,45.5
KKU,BDYK,45.81
MB,MBWC,45.86
DER,BRKY,45.87
DER,KRJ,45.87
CLPE,VRN,45.98
LMP,STP,46
BUI,YFP,46
DZP,JUDW,46.12
NAL,LGH,46.15
THN,DVG,46.19
JRU,DVG,46.19
G,GKT,46.24
STHL,NPS,46.3
MLHA,KSD,46.32
TDPR,CUPJ,46.56
PLCJ,MBT,46.61
BAO,NUB,46.72
NMD,NNW,46.77
ASK,HHT,46.77
KTKD,NKJ,46.89
DD,PAA,46.92
FA,BRLY,46.92
SLT,NRPA,46.93
BSB,MBS,46.95
KFK,MBS,46.95
TJ,ALK,46.96
RGDA,PVP,47
DCK,BTD,47
RE,KRH,47
NWP,CHE,47
CHKE,MOMU,47
BHL,CNA,47
BMHR,RNA,47.02
GAYA,CKH,47.03
IDG,LKE,47.17
MDU,MES,47.52
SS,JL,47.59
ATA,ORAI,47.6
HNL,NVLN,47.68
TNUE,MNQ,47.81
NMZ,DDM,47.82
DEL,EE,47.83
NMZ,SGUJ,48
TU,GY,48
PQL,KZJ,48.21
NNPR,BTT,48.68
RYS,CHTI,48.79
SKG,PLAE,48.92
BHUJ,MADP,48.94
KKDE,KLE,49
VKB,LPI,49
NMH,MDS,49
SBP,JSG,49
BNW,BNWC,49.3
AUB,DBQ,49.32
SUI,BNW,49.36
PDKM,ATU,49.67
LHU,KLSP,49.76
PND,APR,50
RJY,SLO,50
NMK,MADA,50.03
ED,TPM,50.15
BJWS,MHRG,50.31
DRD,GVD,50.37
BG,BN,50.43
GAJ,PHA,50.83
RPAN,BVU,50.89
BNWS,FL,50.97
SPJ,BJU,51
BAY,GTL,51
FL,KSG,51
DGG,AGN,51
GTL,AD,51
JUD,JUDW,51
JAO,MDS,51
NGO,BWS,51.11
SRVT,CHSM,51.34
WIRR,VHGN,51.5
SHGN,BKI,51.58
HNU,SGZ,51.65
SPJ,MFP,52
JYM,DNRP,52
MJ,RANI,52
BYT,USL,52
CHSM,VRI,52
KGQ,KLAD,52.18
MAKR,BJQ,52.2
ADHL,ASK,52.3
KWV,LAUL,52.39
MIA,DHO,52.46
MAA,ABR,52.64
PDKT,VEL,52.67
VSV,DHG,52.73
GTI,HPP,52.84
GIMB,GIMC,52.98
BER,AII,53
PNU,ABR,53
CPR,SEE,53
ABS,SGNR,53
VBL,VZM,53
JAT,UHP,53
BOF,SML,53
JNH,NBP,53.01
SGNR,MOPR,53.15
JAT,BLA,53.15
MBNR,MHBT,53.27
AMP,JTL,53.36
VBL,DNV,53.37
LLKN,SNL,53.38
GJL,MHHR,53.42
RMD,VTV,53.67
VEN,MJO,53.72
DRG,AY,53.86
DPX,JAJ,53.92
RJGR,JRZ,53.94
MFP,HJP,54
FL,JP,54
RGDA,MNGD,54
VM,VRI,54
RXL,BGU,54
ABD,CLDY,54.26
KDMD,VM,54.56
JRO,LAR,54.64
DKJ,GLA,54.84
DKJ,NKD,54.84
GDR,ODUR,54.85
NAD,BTSD,54.98
SRJ,MKP,55
NAD,UJN,55
AWY,TCR,55
GNCN,GQL,55.03
KCLA,ANF,55.23
SY,CLN,55.24
PNPL,DTV,55.36
ETW,SB,55.37
JL,PLD,55.41
NUQ,WDM,55.49
CAN,CS,55.55
BLRD,BRGP,55.73
BSDL,NWB,55.93
BAW,TK,56
GADJ,DO,56
GDK,KTHL,56.11
DXU,GTM,56.11
JLW,NKJ,56.15
ROK,JIND,57
SNV,GMI,57.01
VSD,ASO,57.11
JIND,BSPH,57.15
PJPR,GWD,57.16
NDK,CGN,57.22
TBAE,KJU,57.33
MCPE,MTD,57.38
CLX,IPPM,57.38
SYW,NHH,57.93
PUDI,RU,57.95
JNU,BSB,58
CHJC,BPK,58.09
CDBN,MNE,58.09
MSOD,FD,58.24
UA,BHY,58.31
SKX,KPV,58.34
CROA,FKM,58.57
UDK,PFR,58.7
SNVL,QLM,58.97
EE,BZA,59
PSL,AWR,59.29
DHQ,GDYA,59.3
VKB,GVP,59.5
BLM,GAJU,59.64
BKI,AWR,60
HSR,BNW,60
UMR,KTE,60
DKLU,AMB,60.41
KRKR,PKC,60.73
MOL,DXR,60.74
BBK,RDL,61
VSKP,VZM,61
ETBC,ET,61.28
DO,JW,61.28
NCN,KATI,61.33
MDA,CBR,61.55
MMR,SUM,61.58
HMI,DUI,61.99
ERN,KTYM,62
SJP,MQE,62.27
WDS,KWV,62.41
AWB,MKDD,62.69
KKJ,AMG,62.82
SPN,HRI,63
BLGR,TIG,63
CKP,TATA,63
SBI,MSH,63
MYR,KTE,63
LTRR,WDLN,63.19
RJAK,KURJ,63.27
SNGR,PBN,63.61
AMLA,JKR,63.72
SMQL,SLWR,63.8
JSM,THM,63.97
R,BYT,64
BKN,UMS,64.4
MKN,KMNC,64.81
RAIR,CHAR,64.81
PNU,MSH,65
CPR,BUI,65
NBQ,BNGN,65.73
TMT,BD,65.84
MRDA,MME,65.98
BUI,GCT,66
NAM,BFD,66.01
NJT,VRLR,66.01
MDPJ,KNVT,66.53
PKBS,FL,66.73
BER,APA,66.8
SDL,UMR,67
BJNR,BHL,67
DMM,CCI,67.15
JSI,BLDI,67.93
BAY,MOMU,68
UMB,CDG,68
BLRG,HTE,68.01
SNAR,BUDI,68.2
BUE,BXR,68.63
BXR,ARA,68.63
BEC,GSD,68.85
DMV,RXRX,68.91
PND,KGB,69
RC,YG,69
BQF,BNSP,69.08
UTR,BKKS,69.52
JHP,ET,70.25
MPO,BNF,70.86
KTGA,SKPI,71.03
DLD,MDS,71.03
NCJ,NJT,71.05
SFZ,BRRG,71.16
SRL,AKR,71.25
CKP,BRM,71.75
BUTA,MDN,72.15
BKC,OSN,72.21
DHPD,AZ,72.74
COI,BDL,73
MNGD,KSNG,73
GDM,G,73.12
REPI,PKD,73.4
DOE,GSPR,73.94
AMRO,HPU,74
KWV,CNHL,74.02
KDI,BTD,74.81
DRGJ,ALY,74.92
MZP,BSB,75
VAT,NZD,75.38
BLGR,BRGA,76
SSA,BTI,76
RJT,RGSR,76.13
ALB,HAPA,76.13
DHG,CUL,76.36
KMK,KRAR,76.53
LSR,POZ,76.54
NCU,KRY,77.25
DMO,ANA,77.42
DMO,SGO,77.42
KXF,KMJ,77.67
STA,MKP,78
SKPT,JTJ,78.05
ACG,VNA,78.16
RMF,MQX,78.38
SVW,AK,78.87
GNQ,BWRA,78.98
LUR,HGL,79.11
SPC,KATA,79.17
MCO,BMKI,79.25
CPBH,SEB,79.4
SYL,ATRU,79.92
GLPT,PNVT,80.01
NPNR,CDI,80.93
VRBD,BTSR,80.99
STP,DAL,81
HMT,SDGM,81
HSR,SSA,81
DWD,NDB,81.02
HSR,NKN,81.74
RE,ROK,82
IDGJ,JSR,82.06
PTLI,IDH,82.35
RE,BNW,83
LTI,KPD,83.65
BLM,BGH,83.83
LKS,NTZ,84.03
HRE,SMND,84.14
KLAT,ASTG,84.52
SLO,CRPM,85.11
DAA,KRQ,85.74
JOP,BKSA,85.87
PB,ANG,86.89
BER,MJ,87
FZR,BTI,87
NJP,KNE,88
KNRA,BRRG,88.58
KKQ,KSO,89.52
RJY,EE,90
BKI,ARNA,90.32
LKZ,SIOB,91.29
RLK,NAD,91.41
PND,USL,92
DGB,NWP,92.53
SPN,AO,93
CDMR,GAQ,93.36
NU,KY,93.79
TMP,DG,94.34
HMT,DNRP,95
CAP,NRSP,95.37
AMG,HRI,96
TK,ASK,96
AWR,GZKA,97.4
FA,ABR,98
MRK,GJJ,98.67
RES,BBK,99.25
PB,CIT,99.47
GSGJ,BLM,99.91
JAT,PTK,100
CKP,ROU,101
KMT,BZA,101
JSG,ROU,101
DDNI,AMGA,101.17
GUNA,TRWT,101.99
LKO,HRI,102
CTA,RRB,102
CGL,TRX,102.92
SHG,FD,105
MABN,GUNA,105.63
KPPR,TNT,105.95
ASR,PTK,107
HSY,FBD,107.84
KMT,WL,108
BKPT,VNM,108.47
JMBL,MUE,108.62
DHNE,BVO,108.98
AMNA,NRL,109
TDU,YG,109
DD,BRB,109.1
KMZ,MJGP,109.28
SBHR,SVGL,110.52
DAP,CAR,111.88
KLYT,DTRD,112.09
JHW,RMA,112.89
DHMA,DHD,113.38
KNSR,LGH,115.23
KUR,ARGL,116.53
MDPR,SYQ,117.74
CAF,BPQ,118
JUC,FZR,118
HAS,MVC,120.42
NLA,GTL,120.84
PUD,BQE,124.25
MFQ,KHBJ,124.83
GWL,NGON,125.53
LKO,FD,127
KGP,MDN,129
BSGD,JP,131.27
NHY,MNGT,134.31
WL,MLY,136
JRPD,KPJG,136.6
TRKR,KBJ,140.83
DY,BXN,140.83
SSV,GPR,142.87
PNTR,VLR,150.24
SLO,VSKP,151
AN,BRTK,176.23
PNK,BPU,183.47
PNK,SKB,183.47
BLRR,CRLM,185.28
CNBI,CHK,186.6
BE,LJN,236
UMM,ADB,242.92
JSD,MBF,248.1
MAO,BLLI,349.22
DAKA,KOAA,375
