DAKA,KOAA,375
AMNA,NRL,109
HMT,DNRP,95
HMT,SDGM,81
SBI,MSH,63
CKP,MOU,61.05
BOF,SML,53
DCK,BTD,47
LMP,STP,46
BOF,KLK,42
PLK,BXM,42
SNVL,QLM,40.85
GCT,ARJ,40.02
DOZ,BNGM,39.97
PNVT,JPZ,39.15
PBE,BPR,39
WADI,YG,38.88
PDR,GD,35
STP,SD,35
PP,PBE,35
LMP,GK,34
MLN,PP,32
NUH,ANDN,31.24
RJN,DGG,31.21
TDH,SGUD,30
GDD,JSD,29.66
NWA,NIR,27
GOK,KT,26.73
MLN,GK,26
MJZ,PBE,26
MJZ,51PBE,26
MJ,FLD,26
UDZ,KRCD,25
ULA,CWA,25
KAYR,LNT,24.96
HNA,MANK,24.92
KHED,DWV,24.78
KKW,SNDD,24.65
THVM,KRMI,24.38
JNRD,BWIP,24.05
STP,HA,24
SG,PBE,24
MIN,NNP,24
SBHR,SVGL,23.94
MMY,MDB,23.57
JSA,BBC,23.54
GTU,PRLI,23.31
VID,RAJP,23.28
BLLI,CNO,23.24
VBW,RAJP,23.23
JCH,THM,23.19
STBD,KRMR,23.16
KSG,MD,23
BKJ,UD,22.87
BAF,MAAR,22.85
ADVI,NIV,22.8
UGWE,PTZ,22.7
CHI,ANO,22.66
MAO,BLLI,22.65
SLM,RDG,22.54
VEN,KRMI,22.34
NKRA,DTRD,22.22
API,ODC,22.14
GUB,LKU,22.13
APK,VPT,21.92
KSAE,ABX,21.89
NAN,VBW,21.86
BKJ,KUDA,21.79
DPJ,PCV,21.78
CLC,AEP,21.69
HLD,TATA,21.62
VID,ADVI,21.62
SBLT,OCH,21.61
DHNR,BHBK,21.56
NAN,KKW,21.55
RN,NIV,21.55
WANI,KAYR,21.35
SBLT,JCH,21.25
TIW,OSN,21.23
MNM,NKK,21.22
LMP,HA,21
PMKT,ADB,21
RS,NNP,21
BJV,PBE,21
HAS,MVC,20.93
CPM,SNKL,20.86
TLGI,AVC,20.81
BHV,SEY,20.78
MKHR,RDRA,20.71
SKGH,LUSA,20.69
NKRA,SIRD,20.53
HMB,SVGL,20.5
JRNA,TLMR,20.43
HLD,BDO,20.35
MRGA,TPPI,20.28
HAA,ANKL,20.11
KCI,VLD,20.08
KADI,KLL,20
SQD,PMK,19.94
PMKT,LNT,19.91
KGVL,DOGL,19.8
PERN,MADR,19.7
LNH,FPS,19.69
JSM,THM,19.53
AVRD,SGR,19.44
BIJR,SEN,19.37
KUDA,SEN,19.34
HNA,KT,19.29
JUP,SWNI,19.26
SRK,MWT,19.13
UKC,SGR,19.13
BRGA,BRPL,19.09
KMNR,UDGR,19.07
HAA,KAWR,19.07
PRV,KKTI,19.02
BJV,BPR,19
UMD,PJR,18.89
RJAK,SPDM,18.87
KHED,ANO,18.76
BKH,PPI,18.75
CRW,HSR,18.73
MGKM,ABSA,18.67
BME,JSA,18.67
BMCK,THV,18.49
MZU,RYC,18.46
BNVD,GOP,18.4
TLGI,HPHI,18.38
BJP,MNL,18.29
SFW,SFF,18.23
ATS,BRGA,18.17
KOL,ROHA,18.09
BLQR,RUPC,18.08
GUX,AMX,18.07
SSA,BGD,18.03
RGS,GND,18
MYK,250JRU,18
APH,RMSR,17.92
NGO,MDW,17.91
LPJ,GOP,17.84
MLC,MHJ,17.81
ATU,TVS,17.72
KAW,PARH,17.7
KSAE,UMM,17.68
KHRY,RBGJ,17.66
BOKE,UKC,17.53
SFC,DFR,17.47
BAF,SIRD,17.43
NLDA,TPPI,17.4
SPO,NOK,17.36
NMDA,KMNN,17.36
BLGR,DFR,17.29
KYS,BXA,17.24
PCG,CBK,17.2
OCH,AQG,17.19
BWT,KQZ,17.18
CDBH,RC,17.14
SNGN,SAS,17.07
HLG,MTP,17
APD,NCB,17
ATR,ANI,17
LKN,BGS,17
SHC,SBV,17
AMNA,MAE,17
KIT,BALU,17
CRR,KUE,17
CRJ,ULT,17
BCA,BJU,17
MDGR,127BJRI,17
JIL,BTD,17
AAU,AKVD,16.97
RYT,GOA,16.95
MIO,RTGH,16.95
BLMK,LLGM,16.93
CRP,TELO,16.92
CHAR,JUJA,16.91
KLD,MHH,16.9
SVPR,SVKS,16.89
LS,UGN,16.87
PGP,GLE,16.86
KAT,SKF,16.85
KLDI,NDD,16.84
NBI,TBL,16.83
LPJ,KNLS,16.83
SBV,BRHD,16.82
RLX,MGB,16.81
GHG,CDG,16.8
TNM,TNI,16.79
AY,RMBG,16.77
NLV,GOE,16.76
KIR,NYT,16.76
SGDP,TGRL,16.76
SAH,VTN,16.76
BRH,KTO,16.76
CV,ANU,16.74
DMT,CMZ,16.73
SRBR,MALB,16.73
KHRY,LUSA,16.71
DGHL,JHJ,16.7
PB,SNSI,16.7
BTIC,JNSC,16.69
JON,KITA,16.68
BNRD,LSX,16.67
GZB,MIU,16.66
MJHL,BJ,16.64
PLVR,BWSN,16.63
KXL,CFG,16.62
GDL,GTT,16.55
GHG,DHPR,16.53
RUL,LLGM,16.5
SIPA,CBSA,16.5
KSP,RBZ,16.5
JRC,CEU,16.48
CTC,MTND,16.44
ABO,KRZ,16.42
KARR,SASN,16.39
HBJ,MSO,16.31
AJLE,GSGB,16.3
BPO,JSE,16.29
PK,BALE,16.28
KLYT,DTRD,16.27
RGX,RGA,16.27
GHD,SQS,16.27
NQR,BRAG,16.23
TOS,MCRD,16.22
MDW,KJW,16.21
PURI,MLT,16.17
GRN,JHL,16.16
UMM,ADB,16.16
PRKH,GKK,16.14
MMB,MGPA,16.1
PALI,KORI,16.1
TOK,MAJN,16.1
MLHA,KSD,16.09
MOM,BSC,16.09
FSR,MOT,16.08
NMGY,GLGT,16.08
SDNR,PCO,16.06
BEF,ROB,16.05
SSW,KNZ,16.05
KOTA,KTSC,16.01
JNU,MFJ,16
JND,TORA,16
MLN,BIK,16
MLN,BNKJ,16
DNUA,MDSA,16
DNUA,BAYD,16
MKT,BWW,16
HDW,LKU,16
MRDD,KNW,16
KUKA,FKA,16
SBNR,RMSR,16
ABS,CWDA,16
DGT,WND,16
UNA,GEG,16
MRWS,MJ,16
TSI,KDNL,16
OML,MCRD,16
BQA,ODM,16
MKA,PHK,16
TMX,UR,16
AE,KJV,16
NNA,THB,16
CTYL,SRMR,16
KITN,HA,16
RTM,NGW,16
BJU,BGS,16
SMC,BTC,16
KHD,CLDY,16
PGI,TA,15.99
KSRA,IGP,15.95
MOO,MUM,15.94
ASK,BVR,15.94
KHAR,BDTS,15.93
BCJ,ANH,15.92
PDPH,DJHR,15.92
DQL,BVU,15.91
KAW,SVPI,15.9
HMB,YDK,15.9
BIGH,THB,15.87
RYC,PRNT,15.85
KYF,JPL,15.83
AS,MHJ,15.82
BQA,BXL,15.81
NU,KY,15.8
SRTN,SLGR,15.8
MVPM,DC,15.79
RMD,SQD,15.79
RJS,AS,15.75
SCN,GOA,15.75
LKNA,HSK,15.74
KXB,MNV,15.73
MV,MNX,15.68
JWP,IKK,15.66
RAIR,BAMR,15.65
KMSI,ARU,15.65
JNZ,BLDI,15.64
SJDA,MAO,15.64
JSRD,GRKN,15.64
KOWN,DMGN,15.64
MMLN,NVA,15.64
MMLN,MGME,15.64
BOMN,THKU,15.63
JDI,KHS,15.63
LBT,RHR,15.57
GDR,MBL,15.56
VNGL,KRR,15.56
VSV,DHG,15.55
BNLW,SRAS,15.55
MEX,GPW,15.54
MKHR,MBT,15.53
CGON,MRZA,15.53
CAPE,SUCH,15.51
SGRD,CPH,15.51
MRHA,BAKA,15.51
SVDK,CRWL,15.51
PAK,PTT,15.51
ATA,ORAI,15.5
CKTD,BTKP,15.5
KLRS,LWS,15.5
YGD,KKM,15.49
BSL,DSK,15.49
CHPT,PLNI,15.47
BARD,BEHR,15.45
PCL,PIL,15.43
BDMJ,SMK,15.42
VKB,GVP,15.4
KKB,SRID,15.4
BOY,MOF,15.36
KGVL,YDK,15.36
PJPR,GWD,15.34
EKI,MBC,15.34
BHA,JJ,15.34
SRF,KNLE,15.33
GDN,NRK,15.32
TY,VPT,15.32
KRUR,KRMG,15.32
MZY,GJTA,15.29
HIR,CAMU,15.29
GMG,KRI,15.29
KLMR,AWY,15.28
LKMR,KKGM,15.28
BNAR,BZM,15.28
THVM,PERN,15.27
KTCR,BSPL,15.23
TDO,KZX,15.22
KRTR,LKR,15.2
JHD,KRON,15.2
LLR,MLS,15.2
KITA,GATD,15.2
MCU,TKU,15.17
DKT,LLU,15.15
GJL,SEPR,15.15
VBU,PALM,15.15
BONA,JRPD,15.14
ANK,YL,15.13
MOMU,RDG,15.13
BAY,OBM,15.12
AMLR,GUV,15.12
KDRP,BDKT,15.09
TAT,KBA,15.09
MRBL,KBJ,15.07
GAG,GATD,15.07
MID,KRAI,15.07
DHQ,GDYA,15.07
KAI,PMY,15.06
ATH,BON,15.03
SKLR,DOGL,15.02
PNJ,NIR,15
KXA,KDL,15
ATU,ETP,15
MCLA,RCA,15
PED,SEY,15
LKR,BRYA,15
SIKR,RDK,15
CHHU,KIJ,15
DEOS,GB,15
RAIR,CHAR,15
EKMA,DDA,15
NUPR,DLSR,15
BKN,GDW,15
BKP,KOO,15
CRP,BKSC,15
HPHI,BEHI,15
CIP,CAF,15
DAS,LAT,15
BWC,SGNR,15
KKM,YA,15
CTL,LDU,15
KUDL,SNDD,15
INP,KOL,15
GNO,MNI,15
MKA,SAE,15
TLRA,BRMR,15
UBL,KNO,15
BYT,HN,15
BYC,KDN,15
PRU,SMR,15
PRR,GTD,15
DLO,BNQ,15
CT,HLKT,15
PTK,DLSR,15
SWV,ZARP,15
RANI,FA,15
GVR,RNY,15
TCL,MLO,15
ASLU,CUR,15
BHI,KHH,15
NGTN,ROHA,15
ZW,KRCD,15
PBE,NRY,15
SHR,DDCE,14.99
GY,PGDI,14.97
HLP,IAA,14.96
HBU,BHLK,14.95
ABS,BFE,14.95
MPLM,KRR,14.94
NGM,MKJ,14.93
BIDR,KHNP,14.92
KARR,JNCV,14.91
MNSR,SGRA,14.89
REN,JAC,14.89
DNA,GCH,14.89
GDD,GGY,14.88
NBD,MRPM,14.88
BKC,OSN,14.87
JRLI,NYG,14.84
BUA,JDDA,14.84
SPO,DSO,14.79
DHG,CUL,14.79
KTGA,SKPI,14.77
DMM,BSPL,14.74
TDL,BRN,14.71
CHKE,THKU,14.71
CNF,DTO,14.7
BYT,NPI,14.69
BARD,KNC,14.68
JBW,BRW,14.66
GHE,BGZ,14.66
NNM,TVR,14.66
SINI,KND,14.65
JKB,SLON,14.65
VVKN,CD,14.64
VSH,SNCR,14.64
RIBP,GMO,14.64
MWT,STSN,14.64
MKDN,HRG,14.64
DEMU,RCGT,14.63
JNH,BYHA,14.62
KZQ,FA,14.62
DUH,HAS,14.61
MKO,SZZ,14.6
BSGN,DTX,14.6
BAWA,MKSR,14.59
MOBD,BBGN,14.59
DMM,NGM,14.58
QBW,PKK,14.58
NIDI,NGTN,14.56
KQN,ABI,14.56
DMM,CCI,14.55
DMNJ,BGUA,14.55
DLD,MDS,14.53
BLLT,SKLR,14.53
PNM,NDL,14.49
LKNR,MSW,14.48
GUNA,TRWT,14.48
MKR,TGL,14.46
KBSH,MMD,14.45
PARH,IDGH,14.45
G,GJ,14.45
JMBL,MUE,14.45
GAX,BXF,14.45
PNGI,SVGA,14.42
CTO,PTT,14.41
MIA,JJ,14.39
DGHL,ABO,14.36
JDH,PLM,14.36
SLF,MURI,14.36
KITA,MURI,14.36
RLT,SKZR,14.35
MGE,LFG,14.34
AEK,HSRA,14.34
TTU,KVZ,14.33
HEOC,BYT,14.32
KMNN,SMRL,14.32
CTH,KMV,14.31
PDL,PGDI,14.31
KCI,PIL,14.3
RJAK,KURJ,14.3
PATR,JUBS,14.3
CUPJ,KLNC,14.3
KCP,BHLK,14.28
MEKM,SVGA,14.28
DJX,BRPL,14.27
BLLT,ALUR,14.25
MRM,RU,14.24
MC,UCP,14.21
HSRA,KMLM,14.21
AJJ,TRT,14.2
UMG,VRI,14.2
SRGP,HNPA,14.2
UHR,MYR,14.17
NGO,BWS,14.16
PKM,CBF,14.15
BIRD,DIVA,14.14
MHRI,PLHW,14.14
AWM,PGP,14.14
MZGI,ALJN,14.14
BWD,SGND,14.13
CKR,RBG,14.11
RUT,KEMA,14.1
ROK,LHLL,14.1
KZA,GRRG,14.09
MEM,DLPR,14.08
NHT,SDLE,14.08
MRF,SSPD,14.05
MV,NID,14.05
BWD,VPR,14.03
LLR,TLNH,14.03
NYG,PRNR,14.02
WRA,ETMD,14.01
BYD,HVR,14
MRG,DBY,14
APR,JTI,14
KXA,LSG,14
SASR,LDE,14
CLI,RNR,14
DOK,VLA,14
DOL,KRBP,14
VINH,KFD,14
MEC,MTD,14
SVX,AVRD,14
NW,HLKT,14
SIKR,GIO,14
HMT,SNSN,14
BIGA,SDGH,14
BMC,KFP,14
BMZ,ABE,14
NUPR,TLRA,14
GGO,KBK,14
MEM,SWE,14
ITE,SUBR,14
BIK,PLK,14
SLH,TLD,14
CRN,SMC,14
RSNR,GJS,14
BWC,SDS,14
SNF,LPI,14
KUDL,ZARP,14
AGMN,GKJ,14
RS,BRK,14
SDF,BLSR,14
BQA,CJN,14
BDGM,MZMA,14
RUPC,HLDD,14
DUD,BOT,14
KWE,LAV,14
KYJ,KPY,14
DLO,MDT,14
TEL,VJA,14
CHKE,BAHI,14
NGTN,KASU,14
WENA,BEHS,14
UMRA,KRCD,14
ZB,KOHR,14
CWA,UIH,14
KZJT,KMPT,13.99
SYL,ATRU,13.98
NSL,TR,13.97
KHDI,PDH,13.96
BOJ,LPTA,13.95
MKN,KMNC,13.94
SLJ,SBG,13.94
GAR,SCKR,13.94
WDN,GNH,13.92
RENH,GHAI,13.92
BUDI,THEA,13.92
MPUE,BGQ,13.91
TRKR,KBJ,13.91
LS,SUM,13.9
LLKN,SNL,13.9
CNPI,GRMA,13.89
LOL,CNO,13.88
RGO,TR,13.88
PLCJ,STSN,13.87
PU,MAR,13.87
SOW,BEHS,13.87
VEI,PALM,13.86
DAE,WR,13.86
JLR,DJI,13.85
BJMD,NOMD,13.85
KHRJ,RMQ,13.84
MSSD,DAU,13.83
AGM,PRL,13.82
PHA,ANA,13.82
MOA,SBBJ,13.81
PCN,BJG,13.81
KNSR,JMS,13.8
CNDM,CDG,13.79
TIC,KLT,13.79
AZR,KMPH,13.77
LKNA,NPD,13.75
UPD,TTU,13.75
MCI,PPZ,13.73
SUNR,CJR,13.7
SUX,PMK,13.69
BRGW,GNDI,13.69
OMLF,ADF,13.68
BVQ,ANQ,13.66
KJKD,PGT,13.64
MOJ,IDGH,13.64
CAJ,SEO,13.63
JYM,PDQ,13.62
AMB,LJR,13.62
KGL,KO,13.61
CBM,TLU,13.6
OCR,KYJ,13.59
NUD,VRR,13.59
NAL,DBK,13.58
JARI,MSQ,13.58
STBJ,BSTP,13.58
KCM,KRY,13.57
BIC,MJPB,13.57
DRV,DLN,13.55
BUU,MYR,13.55
LD,GNJ,13.54
PSL,AWR,13.53
LUR,BANL,13.52
YL,KPG,13.52
TUP,KUY,13.51
ANGL,KPJG,13.51
EKI,GZO,13.5
NCA,DQL,13.49
PW,CTKT,13.45
APQ,PBR,13.42
MQ,NMJ,13.41
SUJH,TLC,13.39
SNT,AMP,13.37
AMP,BSLE,13.37
JYM,SZK,13.36
NOK,CLO,13.35
DMW,BYQ,13.35
HEM,JXN,13.34
NHF,LLJ,13.34
AMLI,IDG,13.33
SGLM,NNN,13.32
LDH,LDW,13.32
HGR,BPH,13.32
LKS,DLC,13.3
DAA,KRQ,13.3
DNWH,DHWN,13.29
RSR,RJMP,13.29
MNDH,RVH,13.29
KRMG,TPJ,13.29
PUL,JHK,13.28
MAI,MHL,13.28
HAS,ALUR,13.28
CKS,SAS,13.27
SYE,ROL,13.27
SA,MALR,13.26
UDK,PFR,13.26
BG,BN,13.26
FAN,MVJ,13.25
SVKD,JIR,13.25
SGRL,KRLR,13.23
VGE,MPLI,13.23
VBR,RRI,13.21
RJS,BDWL,13.2
DBRG,DMGN,13.2
NAVI,WLGN,13.2
NVU,AGL,13.2
KLMJ,DBN,13.2
MRK,GJJ,13.19
JLS,CMR,13.19
MRDA,ROL,13.19
KAPP,KPRD,13.19
DKLU,MNGD,13.18
BLRR,BAND,13.18
JDL,JMS,13.17
GWL,NGON,13.17
BDKN,SHNG,13.16
KAN,TIT,13.15
KAN,BWN,13.15
JRNA,JGNR,13.15
BHTN,BRGT,13.14
GNW,CWA,13.14
DNDI,GNH,13.13
CHTT,BIDR,13.12
BDM,GED,13.12
CHIB,BCOB,13.12
JRMG,KTSH,13.12
KOF,MBW,13.11
AIT,BHUA,13.11
RKJE,PKA,13.1
PNYA,VKNR,13.1
INJ,UD,13.1
SIRA,BZM,13.1
CLD,NKB,13.09
MLR,CND,13.09
PPNI,SLBN,13.08
CMW,GHPU,13.08
JKHI,ADR,13.08
DIA,SVO,13.07
GWL,BLNR,13.06
BDO,OND,13.02
DEW,GMI,13.01
BSDA,BUT,13
DPC,GPJ,13
DPL,BGS,13
CSMA,RUJ,13
BHTR,BTT,13
HLB,RY,13
NCB,MRDG,13
LIG,ULA,13
UTR,LKO,13
AHJU,BJMR,13
NAD,KUH,13
SVB,VRL,13
NW,WADI,13
AZR,BOE,13
HMT,VRV,13
LGRE,NRPD,13
MKT,CRL,13
GZB,DSA,13
KHMA,MJZ,13
HYL,DKX,13
SMD,PEA,13
KGG,SKJ,13
BIB,SPRA,13
MKRD,PBV,13
KKV,LDU,13
MORA,VLA,13
YDP,JKM,13
DPUR,BWIP,13
VSU,PBA,13
BLAX,DWX,13
KOU,OBVP,13
HRSB,BAHL,13
PEN,KASU,13
JADR,IDAR,13
PGRL,BMKD,13
AMC,JRU,13
TOD,PRJ,13
TIG,KSNG,13
NNP,BBJ,13
DHN,KTH,13
BNLW,CHNN,13
DHP,NZB,13
BNH,JIL,13
KRKM,DJKR,13
KESR,PRUR,13
NDNI,PDE,13
PKPU,SAP,13
MCRD,MTDM,13
CHI,KMAH,13
JAA,MURI,13
KJZ,BSPR,13
GMD,BGTA,13
PDE,NIR,13
MJN,TII,13
DVG,HRR,13
PYA,NYP,12.98
RT,LUNI,12.98
GED,BGK,12.97
GNC,KHDB,12.96
SNE,KRD,12.96
VG,JN,12.93
ATE,KHU,12.92
MZU,PCV,12.92
SMTA,APDJ,12.91
GAJ,PHA,12.91
BNOD,HKNT,12.91
KEZ,CIP,12.9
CSDR,THSA,12.89
VRA,CBU,12.89
BEM,SKW,12.88
MKDI,WIRR,12.88
KAL,DKO,12.88
YAG,FGR,12.87
BFD,BRNR,12.87
MUR,TRE,12.87
RKN,HTJ,12.87
MJL,PRSN,12.87
GNC,AJMB,12.85
NAK,BORA,12.85
CLR,TGT,12.84
DRL,BKRL,12.84
MLK,DHNE,12.84
RTA,MUGA,12.84
SGRM,LKMR,12.83
SPP,MOG,12.82
SLN,PPU,12.8
GAR,BNE,12.8
PLCJ,MAAR,12.79
NAND,PDD,12.79
DMO,ANA,12.77
COO,GGC,12.76
LMM,GGA,12.75
CDBH,PASR,12.75
BN,GT,12.75
SUPR,KLK,12.75
DHQ,MJY,12.75
RDT,DARA,12.75
DMW,BRRZ,12.73
SAPT,JGD,12.73
KHPL,DJX,12.73
BNHR,GRKN,12.72
TCH,NKK,12.72
APR,AAL,12.7
CPL,MLU,12.7
PGK,DBI,12.7
RE,NNU,12.7
GDG,HBL,12.69
TUX,GOL,12.69
KVLR,TPP,12.69
BLAE,KQLS,12.69
DVGM,RDHP,12.68
MXN,KQY,12.68
CAZ,SFY,12.68
RMX,BBC,12.68
URI,YT,12.67
BSQ,LHD,12.67
DBM,VSG,12.67
PNHR,NGON,12.67
BTKP,BUS,12.66
BUU,UDR,12.66
RASP,MALR,12.66
VLG,RMNP,12.65
CRX,BNQ,12.64
KRLS,BWM,12.64
BSJ,FAN,12.64
MULK,SL,12.64
GKG,PLHW,12.64
MQL,PAU,12.63
KKI,UMR,12.63
BSL,BDI,12.62
BZ,SAG,12.62
BHTK,KGS,12.6
SADP,LGRE,12.6
WLGN,SIRL,12.6
MXA,PUWA,12.58
BTIA,NJM,12.58
AKR,ANG,12.58
PIH,TLC,12.58
MSR,TAZ,12.57
CJ,TMLP,12.57
JNDO,JHD,12.56
KNHN,SAL,12.55
PCR,DUJ,12.55
BDWA,GGT,12.54
PSD,RGO,12.53
HMH,DBI,12.53
DLB,AWB,12.51
MDF,MDKD,12.5
VJPJ,BBMN,12.5
BMRN,MTHP,12.49
MRT,RAYA,12.47
MRK,TLU,12.47
TBU,BOKR,12.47
AMH,SDHA,12.47
SI,BHNP,12.46
MKRH,BLGT,12.45
MIA,DHO,12.45
NGR,NVD,12.44
BGUA,KKGM,12.44
SKY,VNK,12.44
RUL,TKRI,12.43
KVDU,CJM,12.43
BNDP,GRMP,12.43
DNA,KRC,12.43
VPT,SLGM,12.43
MDPJ,BHBK,12.42
PRP,BNSL,12.42
UA,BHY,12.41
KXX,JUK,12.4
MQR,SEM,12.4
PTE,PTA,12.4
CCT,SPVM,12.4
MPC,TPP,12.39
VMA,LNR,12.39
BAZ,CJW,12.38
ILO,MURI,12.38
TNUE,MNQ,12.38
KHTU,KRC,12.38
PDPL,STBD,12.37
DRL,KRSA,12.36
SWG,NRM,12.36
MHMB,DHNR,12.36
SPGN,CGF,12.35
CPLE,KOX,12.35
MOJ,RENH,12.35
KTKR,UDGR,12.32
RWTB,ULG,12.31
HDL,KSV,12.3
PG,PBN,12.3
SVQ,BRQ,12.3
MANE,HATB,12.3
PSA,PUN,12.29
SEG,JM,12.29
PKW,DS,12.28
HMQ,JHL,12.28
MOTH,ERC,12.27
DPH,USL,12.27
MNDH,LAE,12.27
ZB,MTV,12.27
URI,LONI,12.26
RHMA,BDBA,12.26
KNWS,PFR,12.25
MJRI,WRR,12.25
NOY,KMD,12.24
RKB,BNO,12.24
RGG,KHRJ,12.23
SVPM,KVZ,12.23
BNP,KBL,12.23
DKN,MLO,12.22
KGQ,KMQ,12.22
GNRD,SMPA,12.22
AMW,LHD,12.22
JAA,THO,12.22
NGI,CKNI,12.21
DRD,VGN,12.2
CNPR,KMHT,12.2
BDHY,KTHU,12.2
NN,JM,12.2
RJW,JJR,12.19
KDHA,MABG,12.19
MZR,MANA,12.17
GVR,KBY,12.17
SLB,GSL,12.16
SDNR,TTQ,12.16
MLHA,CVR,12.15
AK,GAO,12.15
JNTR,BGVN,12.13
KAJ,DLX,12.12
KNSR,LGH,12.12
CNKP,DSJ,12.1
MAR,KPN,12.08
CLW,BRK,12.07
KAP,RPO,12.07
PAK,PAM,12.07
UJH,BTRI,12.07
GWS,KPV,12.07
MSN,HTC,12.07
SKX,KPV,12.07
BSL,VNA,12.06
GTS,DVM,12.06
BBV,PVR,12.06
VDI,UKD,12.06
DUMR,GARA,12.05
DAM,SAR,12.05
DAO,JMG,12.05
RYP,BZA,12.05
NDNI,TPNI,12.05
KNVT,ABX,12.04
GNSL,KPHN,12.04
SVW,BSQ,12.02
RSA,GDZ,12.02
MXY,DXN,12.02
GNA,BTI,12.02
DEEG,BEDM,12.01
JKO,GY,12.01
ANGL,TLHD,12.01
BSDA,KVA,12
GZA,NDKD,12
PNJ,NWA,12
PNC,FUT,12
KKLU,KMSD,12
KKLU,KWGN,12
SASG,KANS,12
JWLS,HRDR,12
DMK,BDXX,12
PSV,STNR,12
TDH,RTG,12
HTZU,BJU,12
MT,RS,12
NCA,VNE,12
LIG,CWA,12
RUJ,DHJ,12
SVB,TAV,12
SVX,KMAH,12
KCF,HSA,12
GNR,PKL,12
BMC,RMO,12
BMQ,GOLE,12
MZR,LPU,12
UPW,KMC,12
KUKA,CWDA,12
BAYD,KSUA,12
ITR,KRDH,12
KIR,SMO,12
CRW,SWNI,12
PSX,KPKD,12
PSX,SONR,12
RSNR,MNGR,12
BHAN,KADI,12
BWT,TCL,12
LSN,YTL,12
SGNR,PRUR,12
GBA,PBA,12
GBA,CDGR,12
BUB,CUR,12
KMN,JM,12
SLPM,BDVR,12
KVLS,BGHU,12
VEER,SAPE,12
VVD,JTP,12
RGS,BOTI,12
MAEL,RMT,12
SDF,BS,12
JWK,AWG,12
GUP,GKJ,12
SD,AA,12
PLMX,PRAR,12
PIT,MDHA,12
TOD,RKH,12
NHM,RKH,12
PKD,NRYP,12
BS,SDGH,12
DWZ,KMLR,12
KMLR,BHNS,12
MVLK,CNGR,12
MAG,NBR,12
LNH,RDK,12
BOTI,PLSN,12
SUD,BOE,12
BHWA,JO,12
QMRS,FPS,12
SIY,KRX,12
SKY,KDHI,12
KDHA,VRG,12
KHH,PBW,12
DBO,NRD,12
DBY,TII,12
BADR,DARI,12
UKR,BRND,12
BPR,IZN,12
KNW,ANI,12
GIW,DTQ,12
SUBL,KNO,11.99
BISH,JOR,11.99
OPL,JMKT,11.98
DDE,RNL,11.98
NALR,BVA,11.97
MONR,LDVD,11.96
MKJ,PKD,11.96
RJGR,JRZ,11.96
VBL,DNV,11.96
DBU,RNN,11.96
MLK,RGM,11.95
PPD,SAT,11.95
LM,BLDR,11.94
JLW,RPD,11.94
MRDW,CTTP,11.94
GMDA,PVPT,11.94
PJPR,PASR,11.93
GAGA,PPTN,11.93
KBR,MTH,11.93
TMLU,NDKD,11.93
ACG,BDWD,11.92
SRBR,KATR,11.92
BHKD,BRKA,11.91
BOG,RTI,11.91
BOE,SJGM,11.91
MDJ,KVQ,11.91
LWS,BDWS,11.9
CPM,RJPM,11.9
AMLA,JKR,11.89
MHRI,JHJ,11.88
GNJ,KNP,11.87
IPM,JPI,11.86
BSI,MTJR,11.86
MNWL,RMJK,11.86
KYE,BJQ,11.86
BBTR,GDYA,11.86
MFQ,KHBJ,11.86
BSRL,GCH,11.86
MRHT,KOWN,11.85
GNZ,MQS,11.84
DO,JW,11.84
BAP,CIT,11.83
JBK,SDV,11.83
AGY,CUK,11.83
KDU,KPM,11.83
BAH,DVGM,11.82
BMR,SRID,11.82
MRDW,MANK,11.82
MCL,PRL,11.81
BWO,KUCE,11.81
NUQ,WDM,11.81
SNKL,PBKS,11.81
MWAD,PUSA,11.8
SGBJ,TLV,11.8
TZR,REWA,11.8
RKSN,PRSL,11.79
NCN,HEN,11.79
GDM,G,11.79
AKW,RGU,11.79
AKD,BLX,11.79
DD,PAA,11.79
MRJ,JSP,11.78
DKLU,AMB,11.78
BTE,HK,11.78
KIUL,RMPR,11.77
PRP,GAP,11.77
URD,SZF,11.77
OPL,HSP,11.77
KLGN,NMKL,11.76
WTJ,ALB,11.76
KHNM,GRMR,11.76
NIMA,JNRI,11.76
SPC,RAK,11.75
NML,VZM,11.75
BKDR,JAA,11.74
SYA,BQQ,11.74
SNAR,NIMA,11.74
NDK,CGN,11.74
MRL,SCH,11.73
LSR,POZ,11.73
GHAI,PNHR,11.73
JL,PLD,11.72
KFPR,AMRO,11.7
NAL,LGH,11.7
NNU,DZB,11.7
JUJA,HATB,11.7
DBD,RNA,11.69
DIQ,BDU,11.68
NUQ,RMF,11.68
KOHL,KSWR,11.68
BCH,PUO,11.67
AGD,KOA,11.67
RGLI,CHIT,11.67
ORAI,BHUA,11.67
PATI,BV,11.67
KTHE,ABP,11.67
GH,SBZ,11.67
RLO,JKO,11.64
LD,TGT,11.64
MXA,DURG,11.64
GTI,BTX,11.64
KUPR,BLND,11.63
BDHA,SVKD,11.63
JHW,RMA,11.63
GWL,BBY,11.63
KUND,KTWS,11.63
BSWA,RRS,11.62
BHTN,BMR,11.61
PAY,ELM,11.61
STA,LGCE,11.6
LKBL,JAM,11.6
LSGS,DSPN,11.6
MOTH,NDK,11.59
SBH,SUL,11.58
MKP,PNHI,11.58
KMV,GOI,11.57
BMKJ,ARN,11.57
JLN,DUA,11.56
AXR,TMC,11.56
CVP,NLL,11.56
EKR,RPWN,11.56
KDGL,MRGA,11.55
REPI,PKD,11.55
KAY,PKM,11.54
TUD,AWH,11.54
JOP,BKSA,11.54
KRAR,NPD,11.54
SRT,TY,11.53
PDKM,ATU,11.53
SJN,BLD,11.53
BKA,ODG,11.53
BWN,BWNU,11.53
NYP,DVR,11.53
KATR,SIOB,11.53
TKHE,AN,11.52
NK,ODHA,11.52
SBLJ,ALAI,11.52
BKN,UMS,11.52
BDI,TRW,11.51
GOGH,CROA,11.5
BGMU,FTC,11.5
GY,PLU,11.5
CHLK,PLD,11.49
JBS,GVH,11.49
DME,DAS,11.48
UPI,BTW,11.48
NDH,BHG,11.47
KDJR,GADH,11.46
KLAT,ASTG,11.45
CROA,FKM,11.45
NLI,BRLA,11.45
SWR,LPH,11.45
VYA,KKRD,11.44
NMT,AGI,11.43
CIL,KDF,11.43
PIH,LOHA,11.43
TEL,VRU,11.43
DMM,CCA,11.42
HFG,BF,11.42
VSV,JTX,11.42
PDKT,VEL,11.41
KGD,VPT,11.41
CTC,KTJI,11.41
MQN,MHBT,11.4
KCV,BTQ,11.39
SLJR,ASB,11.39
MOTC,HW,11.38
PNK,BPU,11.38
SYC,PLP,11.38
BKRO,GMIA,11.38
GOY,BZM,11.37
JHS,KRQ,11.37
DKS,SKS,11.36
VWP,CAR,11.36
AZA,MRZA,11.35
JWS,NSD,11.35
OKD,GRJA,11.35
SS,JL,11.35
SVPR,RJPM,11.35
CLG,BKSL,11.34
MKDI,SRUR,11.34
NOI,RTZ,11.33
CFG,TTB,11.33
HDGR,PRWA,11.33
CVD,ED,11.33
BIRP,KND,11.32
SLH,MDH,11.32
BGBR,BMKJ,11.32
NRLR,LJR,11.31
CTA,DSHI,11.31
KLI,RPJ,11.31
MGD,KBI,11.3
LOL,AT,11.29
HRSN,TNL,11.29
CAG,BLO,11.29
SKG,PRAE,11.29
BGKA,BNDM,11.28
HRSN,ULG,11.28
KCD,GKM,11.28
SGDP,CLDR,11.28
VBL,SNM,11.28
KDI,BTD,11.28
KRNI,DDNI,11.27
BSA,PRK,11.27
KPV,ALJ,11.27
DAA,SOR,11.26
CTC,KNPR,11.26
BUQ,SOY,11.26
LNP,KVK,11.26
JHS,ORC,11.25
BMSB,GIMC,11.25
KJKD,WRA,11.24
BAGA,KAWT,11.24
NBD,FZL,11.24
GLMA,SVQ,11.24
PWL,AST,11.23
RORA,HPP,11.23
MWD,MYJ,11.23
KBY,TNL,11.23
LT,DVL,11.22
GUU,MABD,11.22
MDL,BHL,11.21
CPN,LAN,11.21
RMF,MQX,11.21
MADM,SEY,11.2
SASN,CDG,11.2
JND,SHH,11.19
HGY,BDC,11.18
NWU,BBAI,11.18
KODI,RNE,11.18
BHTA,KRGA,11.17
MOU,JRA,11.17
HCNR,NKW,11.17
JKR,MTY,11.17
MP,SGLM,11.16
DBLA,NIP,11.16
CHTL,AADR,11.16
DUU,UKD,11.16
KEQ,BRGT,11.15
GHQ,MQX,11.15
KCLA,ANF,11.15
MLQ,MHQ,11.14
RGM,BMH,11.13
KQN,VDP,11.13
CAF,BPQ,11.13
SVUR,THL,11.13
LTD,BTD,11.12
GOK,ANKL,11.11
KFC,AYR,11.11
PRLI,UKH,11.1
UCP,VTV,11.1
MH,NLD,11.09
OTD,RAH,11.09
LSX,KHPL,11.09
PIA,GVB,11.09
DRD,GVD,11.08
MGV,ASP,11.08
MWW,AWR,11.08
KBL,GIN,11.08
DBR,PNHI,11.08
KLU,GDE,11.08
BHTK,KOI,11.07
SNRL,MNGD,11.07
KIT,RBA,11.07
DNN,GSP,11.07
RMGM,CPT,11.06
KRLR,ANPR,11.06
NYA,BPE,11.06
SAN,RBD,11.06
TPZ,MNZ,11.06
BEP,MJA,11.05
HMA,RBA,11.05
GLU,TUNI,11.05
KURO,ON,11.04
NRDP,BMMP,11.04
GTI,HPP,11.04
BK,MBGA,11.04
VRBD,AJH,11.04
SHG,BWI,11.03
SHMI,BYNR,11.03
CHOK,KJT,11.03
BOW,BSRL,11.03
KDT,VPL,11.03
SHR,GSPR,11.02
GLU,NRP,11.02
RTGN,SAO,11.02
SHMI,BTJL,11.01
STUR,NRT,11.01
PQZ,NCB,11
DPZ,CKB,11
KRPU,SUKU,11
DMK,SZY,11
SRZ,BNSR,11
RJP,NRE,11
RJL,TPH,11
AJN,FTD,11
MFP,JUBS,11
SPGR,NTR,11
KPLR,JMKR,11
HTZU,BRYA,11
SNBD,BNG,11
MW,ZRDE,11
DOR,DUK,11
KWW,JSC,11
VINH,DWV,11
RGD,NLD,11
LMNR,MGG,11
LMNR,PLA,11
VGI,BUD,11
UTL,KVA,11
SWD,NKR,11
HMT,MHDP,11
DKU,KNHN,11
PRDL,CHRM,11
PRDL,MDGR,11
BMQ,BUT,11
MGG,BLAX,11
MRDG,TFGN,11
TKTB,BKTB,11
ZPR,GJS,11
FL,NRI,11
SJS,LSD,11
GDW,NPS,11
GDI,YLG,11
GDI,SNH,11
KLPG,BSPR,11
SLB,CDGR,11
MKRD,BHJA,11
CRR,SMO,11
CRN,LTA,11
PP,SG,11
SMLG,ARK,11
BCA,DSS,11
CMNR,BDGP,11
NRPD,CGTA,11
SRW,DPT,11
BWP,BLP,11
NMM,RPAN,11
KKV,KKK,11
VMU,CIV,11
QG,SDUA,11
OML,SA,11
KMP,SD,11
CMDP,TXD,11
HSA,MDT,11
RGQ,VRV,11
COM,GND,11
GNT,VJA,11
KQV,MZRT,11
BDGM,SINA,11
HBLN,SHNR,11
AKOR,TLT,11
AKOT,ABZ,11
AKOT,PTZ,11
REM,SAP,11
UDZ,UMRA,11
KSX,JAA,11
AMX,TTZ,11
TRPL,GULR,11
PKW,HPU,11
KTRH,NNA,11
GSI,KPJ,11
HKR,ABZ,11
ULA,KFP,11
DGPI,KJP,11
DWM,TPN,11
DPT,KESR,11
JAT,BLA,11
AWY,IPL,11
OBVP,PMT,11
KPRR,CJS,11
BJPL,PHRH,11
BPRA,MBA,11
DHL,DJL,11
GOLE,TWL,11
VDG,KRU,11
KPTN,ARE,11
CQA,VPZ,11
JCN,BILK,11
DBF,GIZ,11
BADR,JTV,11
KJV,LAT,11
BEHI,KTY,11
KLL,KHDB,11
SZN,ARX,11
JRT,MVG,11
BAR,HP,10.99
MHAD,BRVR,10.99
TDU,RMY,10.99
RMP,TAZ,10.99
DJB,HTL,10.99
KGI,HJL,10.98
STNL,SAWN,10.98
DNEA,DMBR,10.98
PQN,ARKA,10.97
CHIT,MBA,10.97
NPL,SKP,10.97
KXG,UMED,10.96
WKR,DV,10.96
NCR,KIK,10.96
ANSB,BNLY,10.95
RMM,PBM,10.95
YAD,BGN,10.94
BMF,CWI,10.94
AIT,PRN,10.94
RES,SGJ,10.94
ASK,HHT,10.94
RVK,APDJ,10.94
AGQ,CDI,10.93
KWM,JMK,10.93
GPT,DVD,10.93
HLN,MVC,10.92
CNDB,KLAT,10.92
AT,KAWR,10.92
STR,KRG,10.9
BBHT,BELA,10.9
MMR,SUM,10.9
DWO,HRW,10.9
SEI,MGO,10.9
KAA,SKB,10.89
BMRN,VVA,10.89
AAH,BIX,10.89
DRHI,KKN,10.89
SGRR,BLA,10.88
BERO,RKI,10.88
BWR,ORC,10.88
CTJ,BEHR,10.87
MW,KYW,10.86
SADP,CGTA,10.86
KHOH,BIP,10.86
TSF,SDAM,10.86
BUW,SDAM,10.86
SDC,RTR,10.86
KSJ,MHA,10.86
RTR,JI,10.86
DPZ,SWM,10.85
MXL,MLZ,10.85
MAKM,TRVZ,10.85
TVN,TPC,10.85
RJT,KHDI,10.84
HDGR,DVN,10.84
RGSR,KHDI,10.84
SSIA,TRAN,10.84
AA,IJ,10.84
RWL,QSR,10.83
SJS,SUC,10.83
MYL,DHNE,10.83
CSZ,BPC,10.83
UTD,KBRV,10.82
BFN,BXC,10.82
BAK,DO,10.81
MZR,KTP,10.81
DUR,BGM,10.81
PAE,UMS,10.81
BHTL,VQD,10.8
LUR,HGL,10.8
CHA,KNN,10.8
JNX,JOR,10.79
MLC,NTZ,10.79
PCLI,IKR,10.79
VST,BBAR,10.79
MMPL,VNM,10.79
GRD,MMD,10.78
DPE,HUP,10.78
CPH,NIA,10.78
NYN,IDGJ,10.78
CNDB,SIRL,10.78
SOA,DLJ,10.78
SAGM,HATI,10.78
MHMB,SHSK,10.78
BWRA,KSWR,10.78
TKA,RNRD,10.77
BGDI,BDBA,10.77
PTJ,IGU,10.77
RNBD,RWO,10.76
NOQ,NBS,10.76
MDPR,KNLS,10.76
GZL,CMZ,10.76
MSMI,NMM,10.76
RGL,LPG,10.76
ASP,NRR,10.76
KMND,HHG,10.76
PWK,KHBJ,10.76
KBKN,ADR,10.76
SGND,KSTH,10.75
AEX,ANF,10.75
SHRD,KHDB,10.75
BDCR,GLE,10.75
KYN,THK,10.75
SMU,RPJ,10.75
HTNL,GIN,10.75
VKR,HRB,10.74
NEI,OSA,10.74
KARH,MUH,10.74
JOM,MTD,10.74
BBL,BDN,10.74
GGT,MDXR,10.74
CNC,RBG,10.74
RUR,KDI,10.73
BOM,PMY,10.73
CRC,KLAR,10.73
JARI,DQN,10.72
MAO,SRVX,10.72
RE,KORI,10.72
BLNK,ARAG,10.72
CRC,MBA,10.71
SKTN,KRSL,10.71
KLH,BIML,10.71
API,DG,10.7
DKD,GJJ,10.7
VKA,KNG,10.7
CKP,BRM,10.7
VST,DMYA,10.7
BDWL,PIRN,10.7
VRPD,DC,10.69
BPRA,KBR,10.69
MGKM,TLMR,10.68
ERC,PRN,10.68
NGRD,BLS,10.68
KID,BNDA,10.67
GRO,ET,10.66
DPJ,SZV,10.66
LKS,NTZ,10.66
BSA,MTJ,10.66
BNU,GEA,10.66
HN,TLD,10.66
GDA,KRSA,10.65
RNV,MSQ,10.65
KUK,VZM,10.65
JGF,RNQ,10.65
TDN,TMQ,10.64
STD,HSR,10.64
GDM,AGN,10.64
FSP,DY,10.64
LKG,HWX,10.64
PC,GAA,10.64
MJ,RKZ,10.64
APK,TCH,10.63
BSZ,JSB,10.62
BQA,ANCR,10.61
SGRA,DABN,10.61
UCA,BZO,10.61
SHV,AJP,10.6
SHG,KS,10.6
KARO,GMO,10.6
CNDM,SUPR,10.6
JSI,BLDI,10.6
SWV,MADR,10.6
BOK,SNI,10.59
DEB,PCX,10.59
AAY,NPK,10.59
LBO,BXA,10.59
GVMR,GA,10.59
LGRE,YG,10.58
BEF,KDTR,10.57
SLHA,PWK,10.57
SUK,CUL,10.57
NCU,KRY,10.56
HLZ,BAAR,10.56
KWKC,JON,10.56
NOQ,SMTA,10.55
SNGR,PBN,10.55
IDG,LKE,10.55
BBV,AHI,10.55
PORA,HRS,10.55
GOH,SGZ,10.55
MBSK,KKNA,10.54
BAM,GTA,10.54
MRBL,RNBT,10.54
LNWT,MKG,10.54
DOE,GSPR,10.54
NNW,LRU,10.54
JUK,AMW,10.53
RKY,RBR,10.53
BOKR,BMBE,10.53
KTHE,GGJ,10.53
NDKR,LSGS,10.52
MEP,LNR,10.52
MINJ,JKH,10.52
GRBL,GPI,10.52
BNA,BNP,10.52
PH,UHL,10.51
VPL,GPU,10.51
RECH,BPA,10.5
KMRD,YSI,10.5
AWT,NZT,10.5
MZM,BSKR,10.49
SMKT,MLP,10.49
KBPR,NRF,10.49
MFM,FZR,10.49
RJN,BAKL,10.48
ALER,WP,10.48
BKT,IJ,10.48
CVP,KPM,10.48
SHW,BNT,10.47
ULU,PRKL,10.47
KFT,DTO,10.47
PAN,MNAE,10.46
JOQ,SRPB,10.46
DHNL,HVD,10.46
DRGM,GAJB,10.45
UBL,KUG,10.45
HLE,CRLM,10.43
MGB,MVA,10.43
MXY,WDM,10.43
BLGA,MYS,10.43
KMK,KRAR,10.43
HCNR,CLDR,10.43
VG,JKS,10.43
JHAR,DARI,10.43
SHLK,RDE,10.43
PQH,GNL,10.42
KID,ICL,10.42
KCNR,DLD,10.42
KUH,RNH,10.42
PTKP,BGSF,10.41
CKS,CHNN,10.41
BYPL,BLRR,10.41
UMED,SWF,10.41
BLMK,SKPI,10.4
EC31,HRT,10.4
COE,KYG,10.4
NGN,PKE,10.4
JWO,NBH,10.4
NLDA,SRMR,10.4
NKW,STBJ,10.39
AZA,KYQ,10.38
PLCJ,MBT,10.37
KSTH,DD,10.37
PVR,BHLI,10.37
KIN,BSJ,10.36
BRUD,CAER,10.36
DRB,RPZ,10.36
KRSL,ANPR,10.36
RAGM,TPC,10.36
VEI,TNDN,10.35
BHAS,SSR,10.35
BLKR,VNR,10.34
SGBJ,CKKD,10.34
GNN,YP,10.34
GHB,BTI,10.34
NI,PKE,10.33
MUDI,BGPA,10.33
DWA,LAR,10.33
BOJ,SFR,10.32
GLH,HZR,10.32
HUP,MLU,10.32
SUX,MNM,10.32
RLK,NAD,10.31
NGI,YNA,10.31
JALD,WTJ,10.31
MMZ,RVKH,10.31
KHXB,DVY,10.31
SRF,BGV,10.3
NCH,MXN,10.3
HDP,MJBK,10.3
MSO,MDDP,10.3
SNAR,BUDI,10.3
RMX,GGY,10.3
NAND,MULK,10.29
DAR,SOM,10.29
KYO,GVR,10.29
POKL,BTT,10.29
TKDC,FDB,10.29
VNRD,VG,10.28
AGC,BHA,10.28
DCK,TID,10.28
FZD,MNR,10.28
KJPD,KLNC,10.28
DMN,DIP,10.27
DKR,SOW,10.27
BNDA,DWI,10.27
CGI,TPW,10.27
LMA,DWL,10.26
KAR,HRI,10.26
ORH,MKL,10.26
AEH,ARI,10.26
JSG,IB,10.26
ISA,SRAS,10.26
MOGA,GKX,10.26
GRI,CNL,10.25
PDI,TKW,10.25
WHM,KKG,10.25
DD,BRB,10.25
WRR,CKNI,10.25
GAJB,SGAM,10.25
JNT,BAT,10.24
DMN,TLN,10.24
EDU,KUTR,10.24
SNJL,AKV,10.24
SSGJ,SGAM,10.24
KDRD,MCQ,10.23
PNM,KEF,10.22
BAU,WGA,10.22
BAD,MTJ,10.22
MTMI,BKL,10.22
BLNR,RRU,10.22
VAY,SRTL,10.21
RGJI,AMGA,10.21
MLKA,KNPS,10.21
MKSP,VRI,10.21
DKRA,BWM,10.2
PFL,LAA,10.2
BIH,BPL,10.2
KSV,CHJ,10.2
SPV,RRB,10.19
KXX,WHM,10.19
BMSN,SMR,10.19
KARH,MIN,10.18
DAPD,KK,10.18
KMMD,BMP,10.17
DME,PCT,10.17
MXN,CMA,10.17
BIZ,CGS,10.17
MOY,SHDM,10.17
KMK,BGBR,10.17
WLH,NIRA,10.17
NCN,KATI,10.16
BIC,NSA,10.16
WANI,MJKN,10.16
UJ,DLJ,10.16
HEB,BAND,10.16
DBW,GPZ,10.16
KTKL,MAUR,10.15
SDM,OGL,10.15
SFK,TIG,10.15
RIG,KRL,10.15
KRMD,QRS,10.15
RAMR,BVN,10.14
PUQ,NGAN,10.14
JHT,SCKR,10.14
KOKA,TMR,10.14
MMY,TIW,10.14
BQI,BDY,10.14
PKO,CTPR,10.14
PTLD,BJF,10.14
GKB,KPZ,10.14
LJO,JTG,10.14
SOM,KLA,10.14
NIQ,JTI,10.14
DPS,MLKA,10.13
KQW,MTD,10.13
PYM,KLPM,10.13
NGT,VLNK,10.13
KHAT,BRD,10.13
KTRR,PTRE,10.13
RMP,KRG,10.13
DG,KUTR,10.13
JNO,HRG,10.12
SHK,EKH,10.12
TMKA,TGRL,10.12
SYK,SGJ,10.12
HNK,MYA,10.11
SHGN,BKI,10.11
MBNL,KOF,10.1
AKI,WTR,10.1
MGM,BTY,10.09
KTDD,DBR,10.09
BNOD,WOC,10.09
DGHR,MHUR,10.08
RORA,MRPR,10.08
RV,WGA,10.08
TMR,MNU,10.08
SRNT,KDQ,10.08
MFJ,YDV,10.08
MKX,RMA,10.07
BQI,LCR,10.07
SGDM,PDU,10.07
MTRA,BORA,10.07
GRX,DND,10.06
KTOA,RDD,10.06
SRA,SGL,10.06
NDKR,TMZ,10.06
KNLP,HX,10.06
DRB,KLH,10.06
RGS,SMPR,10.06
SFR,LXA,10.06
MGPI,MBI,10.06
KHM,GKC,10.06
HLE,AEK,10.05
KZJ,WL,10.05
SVD,KODI,10.05
ULM,CHE,10.05
BQP,IDM,10.05
KLBA,KATL,10.05
NWU,KFF,10.05
MNU,TRO,10.05
URG,KPI,10.04
SOH,BNS,10.04
DDNI,AMGA,10.04
QDN,VDGT,10.03
MSH,BHU,10.03
LOA,UMR,10.02
RJY,KYM,10.02
JJK,AAP,10.02
SVM,KM,10.02
KEMR,CHRU,10.02
SPQ,PBL,10.01
SRL,RNJD,10.01
NLP,SOB,10.01
NGL,TPZ,10.01
DEC,NSN,10.01
CPU,AGY,10.01
GHQ,GHD,10.01
RCP,UCR,10.01
TT,TJ,10.01
ROK,SMF,10.01
BMSB,CHIB,10.01
KPPR,TNT,10.01
CHJ,AJH,10.01
DBD,THJ,10.01
GMD,SGP,10.01
SPY,KRX,10
BSDP,KAPG,10
HLK,RGI,10
HLG,ONR,10
RLD,MSH,10
DPC,PFU,10
BYD,DAD,10
SASG,CTRD,10
MBNR,DTP,10
TKLN,IKD,10
DMF,LTK,10
PSV,RJR,10
SRR,VPZ,10
KTMA,BATL,10
RJR,PYI,10
RJP,PMT,10
BMPR,CHHU,10
PJH,BNG,10
NUH,UB,10
VAE,KDBM,10
MR,SDB,10
BHTA,BPKA,10
BASA,LPU,10
TMGN,MVJ,10
RUM,FTG,10
UTL,BME,10
KDKN,RNY,10
NGT,VLKN,10
FTG,JAIS,10
ZPR,SRW,10
JDN,MSH,10
NRDP,VLG,10
NUPR,KAWL,10
UPW,SCP,10
BKP,HRT,10
SJQ,SPDR,10
GNGT,KLZ,10
KRJT,SMTN,10
KAPE,ATPA,10
CRL,KKD,10
DOHM,DJKR,10
MRWS,FLD,10
BCHL,BHNS,10
NRZB,KKI,10
PFU,BHJA,10
AGB,AGZ,10
MJZ,NRY,10
SAPR,BTD,10
KMC,TMD,10
HQR,GR,10
UHL,MTPR,10
WADI,SDB,10
RU,TPTY,10
RN,BOKE,10
HSD,RGI,10
SYF,KQS,10
COB,DWT,10
GUX,JRWN,10
PGRL,TMLU,10
SN,SGUJ,10
KSG,TL,10
JUL,KLL,10
PLMX,PHRH,10
PRAR,CMMG,10
KUI,DUD,10
AP,KDO,10
BPHB,DURG,10
APTA,JITE,10
SQN,SAW,10
IDR,LHN,10
MSK,MNE,10
DWX,NRGR,10
KOTI,SWO,10
DPW,SMC,10
DBKA,TTZ,10
LSG,CBG,10
BJPR,KAKN,10
CC,GB,10
PTS,SONR,10
DNR,PNBE,10
ABFC,BLK,10
ZRDE,SV,10
SCM,PDT,10
BRGL,SHNR,10
BARH,PHK,10
BNJ,CDP,10
SPDR,KTO,10
RRB,NVF,10
RRP,OND,10
SOJN,KNAD,10
SMR,AJIT,10
KFD,SAPE,10
VNB,NIL,10
VNP,BHRJ,10
KHD,KLL,10
BNKJ,GK,10
CHZ,MJF,10
JAIS,BANI,10
GPJ,ARK,10
HTW,THE,10
TLE,MHQ,10
GADM,BGAN,10
JRT,MVF,10
GDP,KPN,9.99
KRLS,GOH,9.99
JRPD,KPJG,9.99
LDA,GW,9.99
HMI,DUI,9.99
VAT,NZD,9.98
SHV,HSD,9.98
JND,VAL,9.97
LM,CDA,9.97
WSB,PPJ,9.97
KLOD,SONR,9.97
TGP,SLOR,9.97
BPU,MTO,9.97
ETW,EKL,9.96
SDVL,GHL,9.95
CHPT,ODC,9.95
GUD,GTS,9.95
YSI,UMD,9.95
SPD,UA,9.94
KKJ,MLD,9.94
MUD,MDNR,9.94
ALB,HAPA,9.94
BEI,BDVT,9.93
DLDE,DPU,9.93
VKB,CTF,9.93
THBN,NNX,9.93
VDI,BVO,9.93
DHE,DDNA,9.92
SGRR,MNWL,9.92
KLRD,SBT,9.92
MLPR,JFG,9.92
LOM,BLRG,9.92
DSO,PAE,9.92
PYLA,AST,9.91
JHA,DWA,9.91
SJDR,KIS,9.91
BSSL,TVTN,9.91
BSKH,JAMA,9.91
PIZ,PBN,9.91
DQN,RXN,9.91
MYD,HTL,9.91
SVPI,RSRI,9.91
PEC,KUGT,9.9
OKHA,MTHP,9.9
KQR,GJD,9.9
EKL,BNT,9.9
CAR,KYT,9.9
LMK,MAM,9.89
KAJ,BJY,9.89
VT,KPD,9.89
LDR,DSNI,9.89
SFK,BUDM,9.89
MRV,PAU,9.88
INJ,PDD,9.88
THAN,VD,9.88
PNW,RDF,9.87
KKR,MVI,9.87
HSR,NKN,9.87
COI,IDGJ,9.87
ASE,ROHN,9.87
GDBR,JHMR,9.87
G,GKT,9.87
KBPR,NRJ,9.87
GANI,BANL,9.87
TKUR,SCC,9.87
HDS,NGMP,9.86
KIM,KDSD,9.86
BUR,BUW,9.86
RGS,KMNP,9.86
SMDM,MPA,9.85
DRG,BLG,9.85
NLV,KTCH,9.85
BIG,TGQ,9.85
EKR,ANGM,9.85
DSX,SRTN,9.85
PLQ,OBM,9.85
KOJ,FKM,9.84
RLP,KGX,9.83
MRM,BLPE,9.83
NB,RV,9.83
SFZ,BRRG,9.83
NBUE,UGP,9.83
JKE,PKRD,9.83
SLU,JRU,9.82
NMBR,BTS,9.82
QSR,DWO,9.82
DNV,KMX,9.82
LPI,NPL,9.82
BEK,NGG,9.81
MRC,RC,9.81
DIG,KLX,9.81
HMPR,JKN,9.81
MBNL,LDM,9.81
VKN,SYM,9.81
UDR,PKRD,9.81
JMK,JGJN,9.81
MKSP,KKTI,9.81
HLP,RTP,9.8
BMNI,SGLA,9.8
HMY,TPG,9.8
GZN,GUH,9.8
AMLA,BYS,9.8
DAB,BSX,9.8
MOW,ASR,9.8
MLS,PHN,9.8
TLN,PLO,9.8
SRJ,LOG,9.79
VGL,KJ,9.79
DEOR,MITA,9.79
RU,TCNR,9.79
CMU,NKH,9.78
MTPC,BLO,9.78
SRJ,MJHR,9.77
SRT,NLL,9.77
NKPL,SRMR,9.77
DEL,EE,9.77
KGG,OLP,9.77
KMQ,UAA,9.76
BRWD,CPDR,9.76
NMUE,BARL,9.76
PNDM,TLNR,9.75
BOD,RTM,9.75
MZHL,BRGW,9.75
DLPH,BNDP,9.75
KUL,CLT,9.75
SKB,MNR,9.75
TKPY,GY,9.74
SYK,DYD,9.74
BTPD,BDCR,9.74
BDXT,GGN,9.74
MIX,VJA,9.74
TRTR,ERS,9.73
MRF,KOHR,9.73
VEM,SRUR,9.73
JDI,SKT,9.73
RDM,RGPM,9.73
BUX,TAE,9.73
BJRI,BRND,9.73
PSS,MLB,9.72
KWV,DHS,9.72
SDHA,SAA,9.72
SHNG,MFKA,9.72
RNRD,MRPR,9.72
LKBL,PPLI,9.71
SDLP,KDHN,9.71
SRK,BKC,9.7
BWX,BTI,9.7
HLK,JRU,9.69
KCP,KMNR,9.69
MON,BIPR,9.69
TLZ,THUR,9.69
JSH,LAU,9.69
BDW,SGW,9.69
KAJG,LSR,9.68
WSA,ARNG,9.68
TYM,NMN,9.68
SWAR,BTE,9.68
PPEA,NBI,9.68
BLNG,MURI,9.68
JNT,KNG,9.67
JNZ,RXN,9.67
MRA,SANK,9.67
MQR,CT,9.67
CIK,AH,9.67
KOU,SF,9.67
SS,MWD,9.67
GTM,PTRE,9.67
TJP,SVT,9.66
LMN,BBHL,9.66
KXE,TLJ,9.66
JLQ,PLS,9.66
NMD,NNW,9.66
DIH,BMB,9.66
MDKI,PTJ,9.66
CPS,SISN,9.66
CRU,PAU,9.66
TSF,PPE,9.66
PAQ,ALJ,9.66
DRN,RR,9.66
BUG,KPB,9.66
SDT,MHO,9.66
SDS,BDSW,9.66
KSJ,BHK,9.66
AUL,SKA,9.66
BJR,CBR,9.66
BHK,SWRT,9.66
DPU,NLN,9.65
DRR,RMY,9.65
SVD,J,9.65
KNNK,DZB,9.65
KBU,FZR,9.65
LAU,BLSD,9.65
HLN,ANC,9.64
CRU,LBG,9.64
KAMG,SMTA,9.64
JGW,GOD,9.64
SMBL,GMS,9.64
SSNH,HVL,9.64
KNWS,KNRA,9.63
KTGA,SPRD,9.63
CPD,KHTG,9.63
ULM,TIU,9.63
SFM,CJL,9.63
KHRI,KNF,9.63
VZ,UKL,9.63
MDP,JRW,9.63
NRKR,DDMT,9.62
AEL,KTWS,9.62
SKM,TNR,9.62
BJL,GPZ,9.62
HDU,PTHD,9.61
UBC,SMU,9.61
SUP,LVK,9.61
MDVR,NDE,9.6
BUX,MJRI,9.6
RU,YPD,9.6
NSZ,SUW,9.6
RMB,PVZ,9.6
MHUR,GRMA,9.6
GAYA,CKH,9.59
GBQ,HKG,9.59
GAG,TIS,9.59
KDRP,MTND,9.59
SKGH,VWP,9.58
YGL,NKD,9.58
AKM,ELR,9.58
KQA,VDD,9.58
SY,CLN,9.58
DHN,DOKM,9.58
DHN,PKA,9.58
RJT,BLWR,9.57
NCJ,THX,9.57
MDPA,BHL,9.57
UPD,SKM,9.57
BUM,KPD,9.57
KTRA,DBA,9.57
BARJ,GANL,9.57
SIR,GVG,9.57
DHNE,BVO,9.57
JNH,NBP,9.56
KXN,GP,9.56
NNB,VL,9.56
CTQ,TORI,9.56
BRUD,DRHI,9.56
KTRA,SOR,9.56
JOM,GOTN,9.56
UGR,SED,9.56
JRO,LAR,9.56
BOMN,NEHL,9.55
BDJR,MINA,9.55
RKSN,BRM,9.55
GDR,KQA,9.55
CPQ,BJF,9.55
SNO,VNJ,9.55
BMNI,BHLI,9.54
BNTL,FRG,9.54
WR02,SRGT,9.54
FRG,MAJN,9.54
PAI,GLG,9.54
PQU,SFW,9.53
CPH,BPRH,9.53
SUNR,BLRD,9.53
DLGN,GLV,9.53
KZE,NLE,9.52
PTH,RZN,9.52
SNLR,CASA,9.51
PTAB,BRAG,9.51
SBD,DDCE,9.51
MAA,ABR,9.51
MAGH,BPQ,9.51
UHR,LGCE,9.51
VYK,CHD,9.51
BJO,KJLU,9.51
PIGT,SHDR,9.5
MZW,TIA,9.5
MET,KUP,9.5
MCZ,KRKR,9.5
MKC,TAN,9.5
KSG,GEK,9.5
PUG,KLS,9.5
MGTD,BPKA,9.5
SRU,LRD,9.49
RMJK,UHP,9.49
RPAN,BVU,9.49
JNK,TABU,9.48
SRO,SJT,9.48
PUDI,RU,9.48
VU,VRX,9.48
TISI,RNL,9.48
APD,BSW,9.47
KIQ,FZP,9.47
RGJI,DPRA,9.47
BAMR,SRGP,9.47
KAT,MSP,9.46
SDPN,MDS,9.46
BJLP,KB,9.46
SYZ,RAYA,9.46
NSL,ANK,9.46
SXF,SGP,9.46
JRLI,BSPX,9.45
SHIV,ABLE,9.45
GBP,RPI,9.45
RYS,PMR,9.45
BBN,BJMD,9.45
KUN,BZJT,9.45
DIVA,TNA,9.44
CKLA,FKA,9.44
ATG,ASO,9.44
SKPT,JTJ,9.44
DWG,SMT,9.44
KIKA,BINA,9.43
KIN,PMO,9.43
SYO,MKC,9.43
SLHA,LEK,9.43
VDS,MNC,9.43
SCO,SELU,9.43
JLS,PORA,9.42
HND,SSPR,9.42
INK,NKD,9.42
BNN,SEQ,9.42
ADE,VRL,9.42
BAT,VDGT,9.41
MDPJ,KNVT,9.41
AAR,BUBR,9.41
NMH,BIWK,9.41
CKP,LPH,9.41
REG,NRP,9.41
BQM,BXY,9.41
AD,NRR,9.41
CGY,CGV,9.41
LTRR,GANI,9.41
RPJ,SBJ,9.41
GHA,KBU,9.4
BNDI,PSLI,9.4
SMR,JTHR,9.4
SZR,BXP,9.4
TDK,PUDI,9.39
SRNR,AJK,9.39
SNCA,DPRA,9.39
WTR,PLV,9.39
DSHI,BAHI,9.39
BAI,KUT,9.38
KHRA,SMPR,9.38
WIRR,VHGN,9.38
THY,DVD,9.38
KTGD,GS,9.37
LSE,SURP,9.37
DCA,CNE,9.37
BUE,BXR,9.37
NLN,LCT,9.37
THN,DVG,9.37
SPT,BAV,9.36
KNYR,YDM,9.36
HNL,DNE,9.36
KAO,CAM,9.36
HSK,TRKR,9.36
TMV,MTL,9.36
TJ,ALK,9.36
LBN,GKB,9.36
YG,TGDE,9.36
KKPR,DVM,9.36
BCP,RAI,9.35
KEE,VDS,9.35
PI,GO,9.35
MFC,VNE,9.35
HG,TLT,9.35
BRB,MLM,9.35
LW,BLDI,9.34
IMR,JML,9.34
TKE,KRNH,9.34
PDGL,NDKD,9.34
GLMA,SGUJ,9.34
KNYR,NRJ,9.33
VAH,IKI,9.33
GUMI,OND,9.33
NGZ,PS,9.33
KRNI,GLPT,9.33
PCN,AGR,9.33
MMZ,BPA,9.33
RMH,SOG,9.33
DULP,BXC,9.33
SPX,TPK,9.32
PNDP,KMT,9.32
JNH,JUA,9.32
VGL,CSN,9.32
CLDY,KHDB,9.32
PWL,RDE,9.31
KGBS,RE,9.31
HJLI,DKJR,9.31
JWB,MOI,9.31
PGT,PLL,9.31
ZW,PDQ,9.31
DSPT,LCR,9.31
MKDN,NVG,9.31
BAV,MMS,9.3
CRWL,UHP,9.3
ZPL,CCA,9.3
BHCH,KNDI,9.3
MDPR,SYQ,9.29
GBB,NTR,9.29
CMW,TPY,9.29
SE,RBR,9.29
KSN,CGTA,9.29
SMRR,JRK,9.29
DEIT,THEA,9.28
SMBX,GHGL,9.27
VKT,VDE,9.27
KID,MTH,9.27
RTWS,PIA,9.27
MUM,KDP,9.27
NMK,MADA,9.27
MKPT,MO,9.26
KQR,LRB,9.26
HML,BJL,9.26
MLW,GJMB,9.26
MUE,MGC,9.26
JNTR,PRWD,9.26
HTN,MTY,9.26
JLD,SUJ,9.25
BCD,BUI,9.25
ATH,BJK,9.25
IPM,SLRD,9.25
SLN,PKX,9.25
BNLY,NLDM,9.25
PCK,DDA,9.25
MMA,KRT,9.25
TELO,GMO,9.25
LLPR,KJI,9.25
NAC,GVMR,9.25
KRND,SMZ,9.25
BEC,GSD,9.24
AJNI,KRI,9.24
AKV,BH,9.24
QLD,TKT,9.24
DLB,POZ,9.24
POR,CJW,9.24
DSL,KJW,9.24
BLR,HBL,9.24
IGP,GO,9.24
ALM,KPL,9.24
KNRG,MLSU,9.24
MER,KATL,9.23
RGDA,SPRD,9.23
MOY,UMB,9.23
SHSK,JXN,9.23
BEB,REJ,9.22
PDGN,TKMY,9.22
KCN,COI,9.22
OHAN,MKP,9.22
BWK,SUI,9.22
AMI,BD,9.22
JSD,MBF,9.22
BSDL,SSGJ,9.21
MXL,RNT,9.21
BWK,JKZ,9.21
BKHR,KUE,9.21
NKDO,TIM,9.21
BSDL,NWB,9.2
BOM,RKZ,9.2
DHRR,DLC,9.2
PUSA,WOC,9.2
SPRD,THV,9.19
PRND,QLN,9.19
MOL,RA,9.19
JNK,SIPA,9.18
MRN,BILD,9.18
KRPB,DMRT,9.18
RWTB,MJBT,9.18
CKB,SURL,9.18
WADI,SUH,9.18
GRF,SMP,9.17
DMZ,CAT,9.17
HSA,HOJ,9.17
JOBA,KNC,9.17
ANMD,BLSN,9.17
BRDT,BPZ,9.16
ND,GTE,9.16
BHS,BTWN,9.16
RSJ,MINA,9.15
MDR,TNGM,9.15
GDZ,SKSO,9.15
TYM,CTND,9.15
BAGA,NMK,9.15
KCB,PJR,9.14
JMPT,KNRT,9.14
CKM,JGN,9.14
MWJ,SKBR,9.14
MAHE,JGE,9.13
PMH,MOGA,9.13
SNX,KTW,9.13
DHN,BHN,9.13
KPU,GPY,9.13
PRKD,HBD,9.12
TUJ,KTPR,9.12
DWJ,KBE,9.12
BEP,KCN,9.11
TAA,KDM,9.11
NLA,GTL,9.1
KOJ,SLKX,9.1
GNS,NDNI,9.1
KCR,KLRS,9.09
BRBS,GMH,9.08
TBN,CGO,9.08
KKS,MWH,9.08
MOM,KJY,9.08
KMM,KNB,9.08
VONB,BCOB,9.08
SFY,SFF,9.08
SGRM,TKRI,9.07
RNKA,BFP,9.07
DLO,BNV,9.07
ABP,JFG,9.07
LKCB,BPH,9.07
KXL,FKG,9.06
JLR,CKE,9.06
HNK,MAD,9.06
KAA,BDN,9.06
KMKD,MKU,9.06
WSD,JVA,9.06
DGO,BBU,9.06
CKU,KKPR,9.06
RC,YS,9.06
IMGE,RFJ,9.06
BTH,MJL,9.06
DWD,NDB,9.05
DY,BXN,9.05
HZR,HPU,9.05
KPZ,ARE,9.05
KRMA,SBG,9.05
LNN,SLP,9.04
AAS,KSW,9.04
KART,BARJ,9.04
KDNL,PBKS,9.04
NANR,BSTP,9.03
MRDL,NBT,9.02
MONJ,TPK,9.02
VJK,CDA,9.02
BWF,MWX,9.01
RM,JMD,9.01
PUG,TPJ,9.01
JSP,NMGT,9.01
BLR,MLP,9.01
TTL,SLGM,9.01
JNE,PRU,9
JNE,BLT,9
JNN,MHQ,9
MLN,SW,9
SVNR,YLG,9
