SPT,PSA,32.0
SPT,IPM,18.0
SPJ,DSS,23.0
SPJ,MFP,52.0
SPJ,BJU,51.0
SPN,HRI,63.0
SPN,AO,93.0
JNU,KCT,28.0
JNU,SHG,34.0
JNU,BSB,58.0
BER,AII,53.0
BER,MJ,87.0
GRL,MFP,26.0
DPK,HMH,19.0
DPK,SDS,18.0
PNU,SID,29.74
PNU,ABR,53.0
PNU,MSH,65.0
PNK,SKB,183.47
PND,APR,50.0
PND,USL,92.0
PND,KGB,69.0
PND,JTI,36.0
APR,SDL,41.0
APN,VGE,19.0
KMME,DHN,39.0
PDR,BRK,25.0
CLC,DARI,18.0
DHE,MFJ,21.0
DHE,ARJ,21.0
AMSA,TTR,26.0
AMSA,GBB,27.0
DMH,SHC,21.0
DMH,MRIJ,23.0
DMO,SGO,77.42
PSA,NWP,26.0
BCY,ARJ,31.0
SRJ,COI,37.0
SRJ,MKP,55.0
SRR,TCR,32.0
NMZ,NKB,21.0
NMZ,SGUJ,48.0
RJY,EE,90.0
RJY,SLO,50.0
RJN,DURG,30.0
DRU,ASK,39.0
MPL,PIL,41.96
MFP,DOL,25.0
MFP,RUSD,41.0
MFP,HJP,54.0
HTZU,BGS,28.0
VAK,QLN,24.0
VAK,TVC,41.0
NUH,BNY,40.0
MB,AMRO,30.0
MB,CH,44.0
MS,TBM,25.0
DOK,KTGD,18.0
BAW,DBL,23.0
BAW,TK,56.0
BAT,QDN,20.0
BAY,SLM,31.0
BAY,GTL,51.0
BAY,MOMU,68.0
BAM,CAP,21.0
BAM,IPM,24.0
STA,MYR,35.0
STA,MKP,78.0
SADP,KSN,20.0
SADP,YG,24.0
STP,DAL,81.0
KAG,DVG,21.0
RHG,AWR,36.0
RHG,BKI,24.0
KIUL,JMU,28.0
CNPR,GMIA,30.81
ATU,CHSM,32.0
KRBO,SEY,31.0
KDPR,SM,26.57
NAD,UJN,55.0
HBD,ET,17.73
HBG,BUQ,26.0
LKN,KGG,23.0
LKO,BBK,28.0
LKO,FD,127.0
LKO,HRI,102.0
GUMI,BDO,23.0
KCF,APDJ,23.0
KCT,ARJ,30.0
NW,YG,25.0
SVDK,UHP,25.0
NLV,PBL,26.86
DEOS,BTT,21.0
DKJ,KMT,22.85
DKJ,NKD,54.84
SHG,ABP,43.0
SHG,FD,105.0
GZB,PKW,26.0
GZB,DLI,19.0
GZB,HPU,37.0
MZP,BSB,75.0
EKMA,CPR,28.0
NNR,MSK,24.0
KKDE,KLE,49.0
KKDE,UMB,41.0
VKB,SKP,29.0
VKB,LPI,49.0
VKB,TDU,42.0
DER,KRJ,45.87
NRDP,BN,20.0
FL,JP,54.0
FL,KSG,51.0
FL,JOB,18.0
KLRE,NVA,28.42
BKI,DO,29.0
BKI,AWR,60.0
BKP,BARH,18.0
SJS,RGQ,18.0
MEJ,CVP,36.3
KGP,MDN,129.0
KGB,USL,23.0
CPP,VZM,30.0
CPP,CHE,39.0
CPR,DGA,30.0
CPR,SEE,53.0
CPR,BUI,65.0
CPR,SIP,29.0
RGDA,PVP,47.0
RGDA,THV,19.0
RGDA,MNGD,54.0
RGDA,PVPT,45.0
BLGR,TIG,63.0
BLGR,BRGA,76.0
ABS,SGNR,53.0
DGA,SEE,23.0
DGA,CI,29.0
DGG,AGN,51.0
BIC,TQN,29.0
BIC,MIN,40.0
SLO,VSKP,151.0
SLH,R,24.0
SLB,MDN,24.0
KIR,LAV,23.0
KIT,GAM,29.0
CRP,KTH,21.0
CRJ,VDS,32.0
PB,ANG,86.89
ANDN,GKP,41.0
KRLR,OBR,37.58
ULG,TNL,23.0
ULG,MJBT,21.0
AGN,G,22.0
SNT,RPH,27.81
SNP,BDMJ,21.52
NMM,MJBT,30.0
KKU,JOB,27.0
KKM,HX,24.0
NMH,NBH,27.0
NMH,MDS,49.0
CTA,CHKE,36.0
CTA,AMC,21.0
CTA,BAHI,21.0
CTA,RRB,102.0
AHD,SUR,22.0
JBD,FKA,32.0
JBD,GHS,17.0
TKRI,LKMR,21.9
CKP,TATA,63.0
CKP,ROU,101.0
DCK,BNH,17.0
DCK,LHBK,32.0
BMCK,MNGD,17.0
GBB,TK,17.0
BUQ,SKY,26.0
BUI,SIP,36.0
BUI,YFP,46.0
BUI,GCT,66.0
BUF,BXF,21.0
MOO,YA,17.0
MOO,KDP,25.0
KMT,WL,108.0
KMT,BZA,101.0
KMP,KB,18.0
KIAT,DBL,27.0
AJLE,MGLE,18.34
BSB,MBS,46.95
SBP,JSG,49.0
SBP,BRGA,42.0
ERN,KTYM,62.0
KOU,RU,41.0
QLN,KPY,27.0
RE,ROK,82.0
RE,BNW,83.0
RE,KRH,47.0
RC,YG,69.0
RC,MALM,28.0
RC,KSN,25.0
WFD,MLO,20.0
JYM,DNRP,52.0
JYM,ZW,23.0
HSR,BNW,60.0
HSR,SSA,81.0
LDE,SONR,24.0
COR,NBH,29.0
COI,BDL,73.0
COM,NDH,17.0
GNS,SKY,21.0
GNS,PDE,22.0
GNT,SRPM,23.0
AII,NSD,24.0
AII,KSG,29.0
NSD,BJNR,41.0
SDL,UMR,67.0
BJNR,BHL,67.0
MKA,BARH,25.0
FZP,GHS,35.0
PGRL,NDKD,22.0
PGRL,SAP,31.0
SC,LPI,22.0
SD,MBP,43.0
KSX,BKSC,29.0
MDGR,BJRI,17.0
GTL,AD,51.0
GTL,GY,28.0
BEAS,JUC,36.0
BEAS,ASR,42.0
JUC,FZR,118.0
JUP,SDLP,21.0
TDU,NAW,18.0
TDU,YG,109.0
TMV,MLMR,30.0
TMV,VM,37.0
NJP,KNE,88.0
MJ,RANI,52.0
NWP,CHE,47.0
AMB,MNGD,25.0
AMG,HRI,96.0
AMP,JTL,53.36
KUU,BALU,21.0
KUR,BBS,19.0
KUR,NKP,26.0
KUH,RTM,28.0
TU,KDP,28.0
TU,GY,48.0
TL,NRI,30.0
TK,ASK,96.0
AD,MALM,41.0
AO,CH,42.0
AY,GGJ,31.0
JSG,ROU,101.0
BPHB,R,27.0
ASR,PTK,107.0
ASK,TTR,26.0
R,BYT,64.0
R,DURG,36.0
NVL,VRI,19.0
BE,LJN,236.0
BN,RMNP,42.0
ROK,JIND,57.0
ROU,KRMD,18.0
CGL,MLMR,36.0
CGL,TBM,31.0
CGY,KTYM,18.0
MSH,MSH,17.44
DWM,WRD,17.0
KYQ,RNY,41.0
BYT,USL,52.0
BYT,BYL,31.0
BYL,USL,21.0
VBL,PVP,24.0
VBL,VZM,53.0
AMRO,HPU,74.0
VNUP,NDKD,17.0
VNUP,MRGA,21.0
DLK,KNE,28.0
CTYL,NLDA,25.0
SSA,BTI,76.0
BBK,RDL,61.0
JAT,PTK,100.0
JAT,UHP,53.0
AWY,TCR,55.0
AWR,KRH,27.0
CC,GKP,25.0
GADJ,DO,56.0
VM,VRI,54.0
JMU,JAJ,26.0
SUP,MVW,18.0
BHWA,DNRP,22.0
CHKE,MOMU,47.0
YFP,GCT,20.0
JSME,JAJ,44.0
JSME,MDP,29.0
MNGD,KSNG,73.0
RTM,JAO,33.0
JKPR,BUDR,44.86
DI,TNA,17.0
WL,MLY,136.0
WL,NKD,29.67
BNR,HJP,20.0
BNQ,NKB,18.0
MRGA,NLDA,38.0
JAO,MDS,51.0
VDS,MDP,24.0
GVR,TNL,23.0
RRB,AJP,18.0
RPAN,DKGN,19.0
GATD,RNC,36.0
GATD,MURI,29.0
EE,BZA,59.0
DDA,SV,18.0
MGME,MGME,22.07
MYR,KTE,63.0
MYK,JRU,18.0
MOMU,THKU,33.0
SMI,BGU,29.0
SMI,RUSD,23.0
TKWD,TLT,17.0
FA,ABR,98.0
FD,RDL,38.0
GGJ,ABP,23.0
BHI,BPR,32.0
JIND,NRW,34.0
BHL,CNA,47.0
BHZ,HJO,33.41
LPI,SKP,21.0
CHSM,VRI,52.0
UMR,KTE,60.0
UMB,CDG,68.0
UMN,KLL,24.37
FZR,BTI,87.0
KJPD,CUPJ,24.0
VLA,SEJ,22.0
RXL,BGU,54.0
VSKP,VZM,61.0
HX,NRE,39.0
NRW,KLE,37.0
JRU,DVG,46.19
BXR,ARA,68.63
