32,0.00125308252772
20,0.000339496106728
24,0.000671163884998
16,0.000338863869247
40,0.000198749847176
248,0.0401902891487
48,0.000311309623665
12,7.00707625581e-05
10,0.0
4,0.00263470509346
194,0.109792356927
4,0.00339557788433
154,0.0009655604856
12,0.0
4,1.34928730644e-06
130,0.00296781651433
390,0.0427174107417
2,0.0
20,0.000350570515304
56,0.000286241054167
12,0.0
42,0.000548723815873
14,0.00101639947725
173,0.0191848202829
4,0.000226526063219
66,0.00281587717238
168,0.005314339958
20,0.0
8,0.0
123,0.0213976033573
4,2.24055123472e-06
6,0.000252155195887
56,0.00114924257472
282,0.00613167581389
2,0.0
18,3.10060715726e-06
110,0.00375409672923
50,0.000797814842365
60,0.000639242705526
102,0.000778322205989
28,0.000458335842073
106,0.00184015291694
16,0.0
24,0.0
146,0.00976149068549
22,0.0
4,0.0
6,0.00825988995093
22,0.00011165397831
4,0.0
40,0.00189380765917
28,0.0016558706077
170,0.0194106646348
90,0.00911321740456
14,0.00203873456897
62,0.00201276668266
10,3.43929148211e-05
2,0.0
4,0.0
4,0.0
24,2.30237909529e-05
18,0.000280647584919
8,0.000903448006139
70,1.21744266107e-05
30,7.71021317968e-08
70,0.00144696084011
28,0.00407330562283
16,0.0
72,0.00295729138238
6,0.00339557788433
120,0.0476200474507
16,0.0
16,0.0
12,0.00407330562283
8,1.92755329492e-07
36,0.0010201383058
4,2.31306395391e-07
4,0.0
56,0.000639082345321
16,0.00029693564107
10,8.41679914465e-06
14,0.0
54,4.96647874674e-06
4,0.0
40,0.000342372016244
36,0.000969288407846
4,0.0
30,0.000912548362014
4,0.00542737326144
8,3.08408527187e-06
24,0.00118549684551
64,0.0
8,0.0
48,0.000949543579923
38,0.0
20,3.66235126035e-07
2,0.0
10,0.0
4,0.000339904748026
16,0.0
4,0.000339428183421
16,0.0
4,3.90995449944e-05
16,0.0
4,0.00812995718519
4,0.000131421625182
60,0.000308733942144
8,0.0
16,2.84216841804e-05
36,0.00137976324505
28,0.00272290308912
20,0.0
24,0.000370709171363
30,0.000339673441631
4,0.0
52,0.00120163696538
8,1.34928730644e-07
42,0.0024229207023
4,0.0
102,0.000226439323321
4,0.0
8,0.0
4,0.0
198,0.00151948554936
14,0.0
42,0.000325179173008
12,1.27899629285e-05
4,0.00196051303843
222,0.0135468077222
70,0.0
32,0.000127546166124
254,0.0273096952145
40,0.00206422690942
10,0.0
4,0.00271738753305
32,2.20321844925e-06
4,0.000216952571443
4,0.0
8,0.0
6,0.00893206633593
16,1.23878843633e-05
50,5.71318199644e-06
8,0.000340429042523
20,0.0
4,0.00203873456897
64,0.0549208585168
54,0.0
6,0.0
8,0.0080352798568
30,0.000322310775856
20,0.000174713700356
44,0.000356566518708
66,9.54450961043e-06
6,0.0
52,2.41446493936e-05
4,0.0022442618818
4,0.0
38,0.0013022519366
4,0.0
85,0.0143505819037
12,1.38783837234e-06
26,0.0116245884315
10,0.000338285349076
24,0.000344944623997
36,5.52436774324e-06
10,0.000678706164547
4,0.000678440933213
24,0.00027641848903
16,0.00061826296628
4,0.00279587341375
12,0.000337211405344
40,0.00132299767119
34,0.000675488365103
128,0.00231582031665
10,0.00271761883944
224,0.00725236078225
12,0.0
26,4.24061724883e-07
28,0.0
132,0.000358917282963
12,0.0
26,0.0
52,0.00416235354208
4,3.6578803787e-05
32,9.95263185921e-06
12,0.00175987082155
2,0.0
12,0.00158022331506
44,0.00185551724311
4,0.0
8,5.84140204422e-05
22,9.39633263826e-05
46,0.00136312144181
8,0.0
4,0.00271738753305
8,0.0
8,0.0
96,0.00194709912796
38,9.28214290496e-05
4,0.0
22,1.99039083571e-05
8,0.0
30,0.000318222076509
34,0.000386735494161
24,0.000500587678456
74,0.0071303047506
4,0.0
32,0.000429326994346
28,1.76839246571e-06
4,0.000339419004596
14,0.00135099456793
50,0.001638753163
12,0.0
24,0.0
132,0.00302038848074
12,7.71792339286e-06
2,0.0
52,0.00149649082605
74,0.00226375714062
4,0.0
26,0.000445497401406
4,0.000339789094829
16,0.000147097132396
26,0.000678573108296
6,0.0
80,0.00744081447608
174,0.00398827938012
32,4.24061724883e-07
20,0.00169242656271
2,2.31306395391e-07
4,0.0
4,0.000680040802448
94,9.65110239093e-05
10,0.0
36,0.000113349789538
46,0.012236487038
8,0.0
68,0.000339904748026
226,0.00293148619865
2,0.0
46,4.9205886493e-05
60,0.00675041035079
4,0.00135961899211
2,3.66235126035e-07
4,0.00203873456897
4,0.000331448571722
30,0.000306525972986
16,0.0
116,0.00038964458291
16,0.0
44,2.32045148677e-05
30,0.000123966064313
4,0.000442049101501
20,9.11190929008e-05
16,0.00407330562283
4,0.00407330562283
20,0.00115534570558
14,0.0
6,0.000445288934497
14,0.0
4,0.00407330562283
4,0.00610371316157
32,0.0
14,0.00135961899211
4,0.00407330562283
8,0.0
4,0.0
4,1.11177904203e-05
2,0.000227552472832
20,0.000680701070649
72,0.0
56,0.000952803429377
4,0.0
165,0.0329393231096
4,0.0
20,0.000322073693862
72,0.00105891005601
22,0.0
4,2.13958415736e-06
48,0.00215427918159
99,0.00605667523608
4,0.0
52,0.000340429042523
8,0.0010055559752
90,0.00181424095611
16,0.0
4,2.84827143559e-05
4,0.00203873456897
24,0.00102204487297
16,4.87052223167e-05
2,0.0
12,0.0067795904489
8,0.0
4,0.0
104,0.00037171535994
23,0.0125173771471
30,2.89132994238e-07
40,0.00045462115482
8,0.0
2,0.0
4,0.0
72,0.000867243399318
70,0.018413746369
32,0.00129818253613
12,0.0
62,0.001740796465
40,0.0006406225506
2,0.0
30,0.00010421560243
8,0.0
10,0.000337168247183
22,0.0
110,0.00344897503556
4,2.86819930284e-06
4,0.000680040802448
138,0.00160752658284
4,0.0
4,0.0
178,0.00153263090753
74,0.00113689517523
2,0.0
16,0.0
12,3.72462713912e-05
12,1.92755329492e-07
30,0.000886348490499
4,0.0
16,0.000339904748026
4,0.0
26,0.0
4,0.0020338964102
150,0.00424114805829
2,0.0
40,3.6430757274e-06
12,0.0
18,0.0011433395608
8,0.000536035630233
136,0.00240747230933
124,0.00111980969902
100,0.000997945479089
6,0.000340878692666
306,0.0563976413234
18,0.0
34,3.24985485524e-06
222,0.00100555904295
8,8.09572383867e-07
8,0.000639694381557
4,0.00135961899211
74,0.00170496069851
12,0.0
4,0.000291680977771
68,0.00165118940548
30,0.0
8,0.0
4,0.000680040802448
28,8.7556829531e-05
2,0.0
2,0.0
24,0.000344829371376
14,0.00373536697916
16,0.00159679487536
12,0.00373490436637
2,3.66235126035e-07
16,0.0
12,0.00373007199026
4,0.00179833728151
28,1.08714005834e-06
4,3.66235126035e-07
4,0.0
4,0.0
4,0.0
10,0.0
42,0.00463847774177
2,0.0
38,0.00474544345677
36,0.00126504303896
3,0.000339904748026
14,0.00203873456897
52,0.000199529542779
4,0.0
82,0.000586070447009
30,0.000206606865597
2,0.0
106,0.00108658995991
84,0.000191205025613
8,6.93919186172e-07
12,0.000334980525253
84,0.00212724374151
28,0.000237091694697
72,4.24061724883e-07
4,0.00135961899211
28,1.15460442366e-06
28,0.00135961899211
2,0.0
8,0.0
96,0.0141503337335
4,0.0
44,0.00135655815816
4,0.0
42,3.40139019888e-07
12,0.0
220,0.000354785459463
8,0.0
8,0.000227330954968
92,0.00470253584304
6,0.0
4,5.78265988476e-07
4,8.22871258019e-06
24,0.0
4,0.0
6,1.84561574237e-05
54,0.00754937495276
17,0.00150277352423
10,5.78461247122e-06
155,0.0210425965241
62,0.000323389471395
4,0.00203873456897
8,0.00198342390933
36,2.20321844925e-06
8,0.000358340364183
4,5.58990455527e-07
22,0.00781760544019
4,5.20439389629e-07
16,0.0
16,0.000632415432034
24,2.20696203005e-05
32,2.69857461289e-07
3,0.00203873456897
12,1.15653197695e-07
12,0.0
136,0.0119953383025
46,9.88035850337e-05
82,0.000742902566524
8,0.00812995718519
4,0.00542737326144
52,0.0255183961831
4,0.000125542993652
24,5.19127652062e-06
4,0.0
10,0.0
8,2.5443703493e-06
56,0.000311999438568
4,0.00610371316157
6,0.0
24,0.000892674689109
12,0.000339904748026
52,0.00191841596064
24,0.000190532449416
28,0.000871098769153
16,0.00203873456897
8,0.0
32,0.00585080137176
8,0.0
6,0.0
4,0.0
26,0.00226815896061
24,0.00176304909827
68,0.000751233770177
4,0.000123061905379
6,0.0
10,0.0
24,0.00272293888654
2,0.00135961899211
16,0.0
18,0.0
140,0.00164674215839
24,0.000555930232432
18,0.0
32,3.6670408056e-06
4,1.15653197695e-07
20,0.0
8,1.59087398607e-05
2,0.0
4,0.0
8,0.0
28,0.00119537435969
30,0.0032242249406
16,0.0
12,1.92755329492e-07
12,0.0
24,2.50980964647e-05
4,0.000348360924331
12,1.92755329492e-07
52,0.000646723476564
110,0.00144604659432
4,0.000338073572396
78,0.00132350159677
12,0.000653798295566
12,0.00339557788433
38,0.00129098229428
4,0.0039830892035
44,0.000144741155267
126,0.00611277224856
18,7.71021317968e-08
50,0.000332587028473
16,0.000339789094829
24,0.0
25,1.15653197695e-07
8,0.0
4,0.000680040802448
48,0.00738517219742
8,0.0
20,1.41482411847e-06
38,0.00201062413484
32,0.000180782419964
22,0.00284918177177
2,0.0
6,0.000876720386255
134,0.0208549554573
100,0.0504621639399
4,0.0
4,0.0
96,0.0032286392904
20,0.00101982989728
119,0.000217979042407
8,0.00135829283544
40,0.00343769544222
12,0.000680040802448
153,0.00263895100513
24,0.000686091700983
2,0.0
18,2.3516150198e-06
4,2.31306395391e-07
126,0.00251315851269
182,0.0191060221822
64,0.00134459162473
18,0.000179087445512
4,0.000289106097781
86,0.00671832029506
26,4.2228683839e-06
4,0.00203873456897
1,0.0
28,7.22557120839e-06
6,0.0
32,0.000676225123329
185,0.0108485375506
8,0.0
36,3.7061648527e-06
4,0.0
174,0.00283830918427
4,3.46959593086e-07
24,5.55135348937e-07
12,0.0
86,0.000603888933627
44,0.0
16,0.000674539465119
4,2.89711260227e-06
16,0.000680040802448
12,0.000515165271502
44,0.00138847672919
4,0.00203873456897
4,6.93919186172e-07
8,0.0
94,0.0106112738269
8,2.35932523298e-06
4,6.65756881538e-06
32,0.00284848218818
4,0.0
12,0.000324228695828
4,0.000224201585223
2,7.71021317968e-07
14,0.0
4,0.00339557788433
78,0.000739783923283
36,8.78229996467e-07
174,0.0131524523227
4,0.0
30,0.00200892296909
170,0.0629632177775
36,0.0
36,0.00201361444838
16,5.40065272008e-05
10,0.000339750543763
18,3.46959593086e-07
32,0.000213097895473
137,0.0215761366973
12,0.000320241463234
40,0.00134761996616
258,0.0128912988961
12,0.0
8,3.27133330624e-06
16,0.000339904748026
4,5.78265988476e-08
86,1.47265071732e-06
14,0.0
12,0.0
4,0.0003362038457
4,8.09572383867e-07
30,0.0
18,4.24061724883e-07
4,4.62612790781e-07
28,0.000337043799995
4,1.15653197695e-07
20,0.000540815214358
8,0.000680040802448
4,0.0
34,0.000334789868858
2,0.0
4,0.00102618541844
4,0.0
8,0.0
75,0.00290560790561
12,5.2896587342e-05
19,0.00143352492688
88,0.00833004340939
4,0.0
44,0.00101754302454
2,0.0
4,0.00465728125852
8,0.0
8,0.0
104,0.00261033122305
22,2.69857461289e-07
4,0.0
70,0.0
50,0.00252797045458
2,0.000679809496053
2,0.0
166,0.0500440629518
18,0.00271773449264
4,7.71021317968e-08
12,0.0
92,0.00574824687879
32,0.00070675568795
4,0.0
4,0.00135961899211
20,0.00102461107261
82,0.000138050240965
8,0.0
38,2.50006165667e-06
4,0.0
10,4.4787459165e-06
16,1.54204263594e-07
4,0.0
32,0.000229032292019
4,1.84384240897e-06
86,0.0116086049396
2,0.00067795904489
48,0.0
26,0.000319062896493
68,0.000913895514441
22,9.32935794742e-07
6,0.000681081681227
38,0.00426577777399
8,0.0
2,0.0
34,0.00026865245918
4,6.93919186172e-07
62,0.00281873019188
16,0.0
18,0.0
4,0.0
4,0.0
22,2.2975453248e-05
10,0.00760540850517
2,9.25225581562e-07
14,4.80749294721e-05
80,0.00066311832591
16,0.0
11,0.00475288381248
136,0.0139914354257
4,0.0
4,0.0
12,0.000217534853193
70,0.00335267989924
73,0.00994435998747
4,0.00947847347031
12,0.0
14,0.0
16,0.000156987598951
40,0.00033018987942
4,0.0
56,0.00200527389596
4,0.0
2,5.71801198993e-05
6,1.12691013428e-05
20,6.55368120273e-07
6,0.0
2,0.00135823115373
2,0.0
12,1.40377736395e-05
4,0.0
14,3.18046293662e-06
126,0.013053090377
4,1.76290994898e-05
8,0.0
12,0.000497861126343
138,0.00171975051004
73,0.013290932092
24,0.000931391343542
154,0.0881795886535
20,0.0
22,0.00030420347413
18,0.000158139479252
4,0.0
26,1.78804939467e-05
18,0.00190121586589
78,0.0036118405543
41,0.000367514018305
12,1.52021538958e-05
4,2.69857461289e-07
85,0.00240339984333
4,0.000239934674668
8,6.58172477991e-05
6,0.0
4,0.0
4,1.27218517465e-06
4,0.0
18,0.00346828997441
118,0.00201592953182
22,4.62612790781e-07
32,1.37627305257e-06
40,1.15653197695e-07
8,0.0
12,0.0
28,0.00199721162118
4,0.00203873456897
4,0.0
4,0.000680040802448
28,2.45273725366e-05
40,0.000104404502653
4,0.00203873456897
14,0.0
8,3.08408527187e-07
4,0.00390717340621
4,0.00203873456897
151,0.00965132126324
12,0.0
18,0.00190317913891
70,0.000273891862963
460,0.119953016438
4,1.649746971e-05
8,0.0
4,0.000803244388918
8,0.0
28,2.93759122146e-06
2,0.0
4,0.0
4,0.0
4,0.0
8,0.0
2,0.0
18,3.08408527187e-07
4,4.62612790781e-07
32,0.000672980858839
104,0.000337415608088
92,0.000537202866344
4,1.15653197695e-07
8,0.000465429472818
46,0.0011103085421
12,2.07743286576e-05
4,0.0
4,1.15653197695e-07
15,0.00880444663414
12,9.1494890695e-05
4,0.0
4,0.0
20,0.00124879624297
22,0.00170354957287
14,0.000230675910157
48,0.0140635276173
4,3.99845370019e-05
40,0.000448176111865
20,0.0
4,0.0
4,0.00271738753305
15,0.0
4,0.000321980729575
6,0.000339789094829
34,0.000294586537794
4,0.00475057074853
70,0.00134917592525
4,0.00212247440923
14,0.0
12,6.78346746482e-06
32,0.00199492325972
4,0.00135961899211
34,0.000228556274343
4,0.0
4,0.0
24,0.00029171410419
8,0.0
2,0.0
8,0.000339789094829
4,4.32905548339e-06
20,0.0
4,5.20439389629e-07
8,0.0
12,0.000638319868252
80,0.000677907747762
4,0.00101314542488
4,0.0
12,0.00231151052544
4,1.4062017219e-05
2,6.93919186172e-07
16,0.000248113671016
12,3.85510658984e-07
4,3.08408527187e-07
4,3.27410364257e-06
4,0.0
24,0.0
156,0.00415442490283
2,0.00407330562283
4,0.000921661834394
12,9.06721069931e-06
4,0.00407330562283
4,0.000680040802448
4,0.0
4,0.00271598041914
98,0.00394854581018
4,1.32275603241e-05
4,1.15653197695e-07
19,0.0
28,0.000359090442471
379,0.0283627277151
62,3.18513495865e-05
20,1.53124833749e-05
14,0.000509940006831
27,0.00605841341137
4,0.0
12,3.08408527187e-07
16,3.98631789627e-05
2,0.000331374311747
4,0.0
28,0.00124610225211
56,0.00132426225298
28,0.0
8,0.00119574721707
8,0.0116684836504
2,0.0
8,0.00271761883944
20,0.0
44,0.00131305570028
34,0.000530066101423
8,0.0
281,0.0398549476542
4,0.00136052494215
2,0.000662419427955
12,1.2719507742e-05
4,0.0
28,0.00237817670421
4,0.0
126,0.00573796363369
14,0.0
32,0.000610471628806
56,0.00478110767289
24,0.0
97,0.0817933420626
4,1.15653197695e-07
16,0.000640763031457
32,0.000719450022755
8,0.0
78,0.00178497591486
26,0.000348383327491
134,0.000668645353022
8,1.92755329492e-07
8,1.15653197695e-07
12,0.0
2,0.0
24,0.000432601334932
18,0.0
10,0.0
110,0.00524266076334
12,0.000126256654213
24,9.42906165471e-05
24,0.000559781086154
20,0.0
2,0.000680040802448
4,1.42638943824e-06
124,0.00140529044278
28,0.000173433414528
8,0.000339326482038
140,0.0393583028767
356,0.128584630149
12,0.0
4,0.00203873456897
22,0.000450202001151
286,0.0716265469335
7,0.000361229773146
44,0.0024765276328
52,0.00566627816837
6,0.000147940987694
20,3.23828953547e-07
93,0.00508806144845
22,0.00172401194397
24,0.00123938978487
16,0.0
24,0.000457413077519
14,0.00135200201559
8,0.0
279,0.0184860211118
36,0.00267774392523
42,0.00101913597809
30,2.04255819797e-06
46,0.00537950971888
8,0.0
8,3.35945002829e-07
4,3.08408527187e-07
6,1.15653197695e-07
46,0.00120510572588
36,0.000292119242465
12,0.0
4,4.03629659956e-06
4,0.000912988128807
20,0.00102584162368
14,0.000676031491595
108,4.98425863699e-05
60,2.92146986663e-06
126,0.00640285819326
18,0.000548357548455
36,0.00296988347471
12,0.00033961836868
46,0.000800922866844
110,0.00800710423854
20,0.00027453483857
25,0.00135884797079
132,0.0166163401302
208,0.0476437295882
36,0.000332846583827
18,8.48123449765e-07
102,0.0249099794032
4,0.00271738753305
28,0.000448134013342
4,0.000680040802448
2,0.00099338891318
8,0.0
196,0.00954905467949
133,0.0183828839101
188,0.00206741966795
212,0.163999778636
22,0.0
18,0.00468124994706
20,7.49274826169e-05
28,0.0
16,0.000305679854072
6,0.00960424272094
2,0.0
78,0.00794361303176
4,0.000339326482038
4,0.0
10,0.000680040802448
4,0.00135961899211
178,0.0104487186408
64,0.00494988290285
30,0.000249997185238
60,0.000799891982165
14,0.000774054392906
4,0.000678999923669
34,0.000920656623051
2,0.00135961899211
16,0.0
190,0.0274872683087
14,0.000346866356424
4,0.00323395614243
108,0.0116675750744
4,0.0
4,0.0
4,0.0
94,0.00216507640348
2,0.00339557788433
88,0.00584116557803
148,0.00275852246359
76,0.00107318476177
120,0.00255932347386
4,0.0
4,2.31306395391e-07
4,1.15653197695e-07
10,0.000339326482038
4,0.0
4,0.00271738753305
150,0.0479430707784
48,6.56369074329e-05
62,7.82624865674e-05
2,0.0
46,3.24007312479e-05
120,0.00509459680866
2,0.0
20,0.000217907385458
4,0.00203873456897
4,0.000930020380539
22,0.0
8,0.000680040802448
4,1.15653197695e-07
4,0.0
24,0.00173133198342
4,0.000210619648435
2,0.0
14,0.000334631676315
20,0.000339904748026
12,0.00812999573625
12,0.00024333953953
34,8.50945749955e-05
4,1.05905285318e-05
26,4.1782471315e-06
18,0.0
8,0.0
12,8.48123449765e-07
16,1.15653197695e-06
110,0.013987003966
2,0.0
2,0.0
48,0.00201765673758
182,0.024956303551
12,0.000682546621732
4,0.000679202316765
18,0.000222793494007
8,0.0
8,1.92755329492e-07
282,0.000373877938395
32,0.0
157,0.00745385930815
4,0.000498955783287
224,0.0234103761711
32,0.000257311421182
106,0.00337570557798
20,1.15653197695e-07
66,0.00106878881766
6,0.0
2,0.0
8,0.000343767319472
4,0.00203873456897
36,0.00117664394245
22,0.0
106,0.00206041256077
8,1.15653197695e-07
8,0.0
94,0.00334617933307
4,0.0
2,0.0
12,0.00111490874927
10,0.0
2,0.0
8,0.0
4,0.00684092661257
8,0.00196498622132
34,5.26183498448e-06
6,0.000339904748026
8,2.23595777517e-05
40,2.31306395391e-07
90,6.01011117356e-06
58,0.000604569018761
18,0.000555442886798
4,0.0
14,1.92755329492e-07
4,0.0
22,1.92755329492e-07
12,0.0
40,0.00054307451066
12,0.00072767910686
4,7.27513686454e-06
4,0.000680040802448
64,0.000943014319879
10,0.0
28,2.70940562664e-06
12,0.0
12,8.85354036816e-05
40,0.00190650540807
4,0.00458247242755
4,0.0
112,0.00129534444117
22,0.0
16,0.000678348410655
152,0.0205674790695
8,0.00067946253646
4,0.00407330562283
4,0.0
30,0.000343827979884
4,0.000340226649427
4,0.00135961899211
4,0.000339789094829
4,0.0
8,0.0
12,0.000680040802448
68,0.00143758591645
66,0.00178721628407
4,0.000680040802448
4,0.00745500512344
7,0.0
72,0.00124736998066
8,0.0
4,0.0
12,0.0158915589357
160,0.0189496898638
12,0.00135961899211
26,0.0
22,0.00101763188444
16,0.0
173,0.00215180975521
16,5.08874069859e-07
2,0.000365767466134
352,0.187139821616
342,0.139514690494
2,0.0
14,0.000339904748026
8,0.000680040802448
62,0.00114062822565
76,0.0163820341628
4,0.000940558285949
164,3.58524912855e-07
22,1.25290505229e-05
4,0.0
4,0.000446168250508
6,0.0
4,1.92755329492e-07
52,0.0010548446928
22,0.0
8,0.0
2,0.0
4,0.000289632529416
8,0.0
4,0.0
4,0.000122575220321
12,0.000514900240273
4,0.0
18,3.85510658984e-07
16,0.0
1,0.0
2,2.31306395391e-07
4,0.0
108,0.00254555962298
4,0.00135961899211
4,0.0
6,0.00023728074952
28,0.00136135957273
172,0.00343648468906
14,0.0
12,0.000682546621732
10,0.0
8,1.15653197695e-07
4,0.0
4,2.31306395391e-07
16,1.06015431221e-06
4,0.000657851475474
4,0.00132989487174
6,0.0
4,0.0
24,0.0
6,0.0
122,0.0132994682434
16,0.000339904748026
4,0.0067795904489
8,8.09572383867e-07
8,0.0
18,0.0
46,0.000661670978219
4,0.000528188361247
20,0.00433859134922
4,0.0
6,0.0
4,0.00123535910643
2,0.000680040802448
4,0.000545366255603
212,0.00456994455284
44,0.000359241497446
111,0.0058640226783
110,2.48071689948e-05
6,0.000340290258685
22,0.00047452036343
18,1.3647077328e-06
4,0.0
42,0.000250577999534
16,0.0
4,0.0
18,0.00527281771434
4,0.000240519095477
74,0.00136332524668
4,0.00101185523134
8,0.000680040802448
60,0.000521500098059
48,0.000268773648577
8,9.90935865347e-05
12,0.00745500512344
16,8.26345076293e-05
44,0.000156792311001
20,0.000226566356001
18,2.69857461289e-07
4,1.92755329492e-07
40,8.37255720712e-06
16,0.000322073693862
12,0.000357588419122
32,3.80682643107e-05
4,0.0
30,0.00177414195683
114,0.000316411056749
196,0.0114380068278
4,0.000335249405699
32,0.00258592755556
8,0.0
4,0.00880444663414
6,0.0
4,1.15653197695e-07
51,0.00673142110509
14,3.27684060137e-07
152,0.0115655501552
8,0.0
4,0.0
4,0.0
18,0.000200506118466
4,0.00203873456897
8,0.0
12,0.000512941205103
32,0.00108325138713
10,0.0
8,0.00203804064979
8,0.0
8,0.00135961899211
30,2.0837984973e-06
4,0.0
30,0.00202202424616
92,0.00155246788627
22,0.0
4,0.000842524739109
250,0.0437008305938
30,0.00229661459352
12,0.000194660130437
20,9.85488327464e-05
4,0.0
8,0.000333509766562
84,0.0205142119544
4,2.31306395391e-07
76,0.000759336316883
4,1.92755329492e-07
47,0.00369341171426
8,0.0
8,0.0
20,0.000847089041771
8,0.00271738753305
4,0.000325760810091
4,0.000479274991388
12,0.000771275432332
4,0.000109659841408
85,0.00650494423876
2,0.000117685526889
10,7.92499768969e-07
72,0.000247214385047
4,0.0
4,0.0
12,0.0
4,0.000125970230746
54,0.000882942138616
2,0.0
40,0.000468781104527
4,0.00475057074853
34,1.2131152622e-05
4,6.4528043167e-05
26,0.0
8,0.0
4,1.15653197695e-07
8,0.0
64,0.00251211648309
36,0.000509256456449
6,0.0
4,0.0
4,0.0
2,0.0
4,0.0
4,0.00271738753305
4,0.00068279720366
4,1.48858027645e-05
4,1.38783837234e-06
4,0.0
172,0.00971686475904
8,0.000910390811986
8,0.000339496106728
2,0.0
8,1.73479796543e-07
4,0.00475057074853
20,0.000249643064759
92,0.00939857807904
14,0.0
64,0.00876743261584
32,0.0
8,0.0
44,0.00161211930089
4,0.0
58,0.00748986666311
62,0.0254921451869
12,0.00630112717747
6,0.000336986677695
90,0.00110553755588
12,0.0
144,0.0107814446863
46,0.000491523420527
16,0.0
114,0.0019852785671
12,0.000666238356478
20,0.0
22,6.78683415543e-05
2,0.0
32,0.000349351870301
18,0.00644325167447
32,0.000192310293414
8,0.0
8,0.0
42,0.0131866711375
4,0.0
106,0.000909550801826
4,4.58757684191e-07
8,0.0
4,0.0
2,0.000679038474735
4,0.0
8,0.0
4,0.0
4,0.000680040802448
24,0.0
4,0.00112554528693
4,0.0
12,3.08408527187e-07
8,0.0
60,0.0
12,0.000471689457912
64,0.00515463911785
34,3.47560415816e-05
8,0.000109123627964
14,0.0
8,0.000795497468005
110,0.00300550282772
104,0.0146051768213
16,0.000417918223496
12,3.66235126035e-07
82,0.00134188174397
4,0.0067795904489
4,0.0
8,0.000453476188163
4,0.000332970960873
12,0.00147309405458
8,0.0
8,0.000247516569648
12,0.000328750778121
4,0.000343798405682
4,0.00024255483079
50,0.0157470751784
8,0.0067795904489
4,6.59223226863e-07
6,0.0
8,0.0
4,7.71021317968e-08
80,1.59420413311e-05
8,0.00101079545498
4,0.00271738753305
4,0.0
8,0.0
28,0.0
46,0.000296383533311
8,0.0
56,0.00213310023286
18,4.35045017271e-05
72,0.000687711650368
8,1.15653197695e-07
18,0.0147416371321
4,0.000225569996785
4,0.00339557788433
8,0.0
8,0.0
20,0.00368674521869
64,0.00869210716739
4,0.00135961899211
24,1.89218214404e-05
345,0.0758357864317
40,0.0
48,0.0012429634667
26,0.000342977079142
38,0.000296234100577
12,0.000347092594263
20,1.73479796543e-07
46,0.0
8,0.0
30,0.000622629376153
4,0.000680040802448
20,0.00136239466885
82,0.00121897185625
24,0.00109851072913
38,0.0
230,0.0197763035584
4,7.34419530221e-05
84,0.0765946210012
12,0.0
36,5.89860920114e-05
26,0.0
4,0.0
2,0.0
20,0.0
28,0.00135504109736
8,6.93919186172e-07
12,0.0
32,0.00108407707857
4,0.0
62,0.04566672957
14,0.000218744202461
6,0.0
40,0.00100352689638
4,3.08408527187e-07
8,0.0
6,0.000297030430964
4,0.00135961899211
6,0.0
68,0.000742640940244
18,2.23942153315e-06
24,0.000844319412679
78,0.00149551167496
4,0.0
4,0.000680040802448
26,0.0
6,0.0
74,0.00077590985604
90,0.0332860803474
206,0.00147206687623
34,0.000142488517391
4,1.15653197695e-07
230,0.000549819613582
82,0.00537894338592
4,0.0
20,0.000339789094829
20,0.0
4,0.00135961899211
4,0.000561473807747
88,0.00260806306896
20,5.47425135758e-07
4,0.0
44,0.0
4,0.0
54,0.00424815487953
8,0.000249818014768
2,2.85104308615e-05
8,2.12030862441e-07
2,0.0
110,0.00186027915812
52,0.00075733957876
94,0.00131063938487
8,0.000680040802448
12,0.00033986619696
54,0.000335093650102
4,0.0
8,0.000679231230064
22,0.00608867637063
2,0.0
4,2.31306395391e-07
28,0.000678618173058
18,0.000135671083261
58,0.000486013997693
30,0.000382889606455
6,0.000340367360817
12,0.000454239499268
12,0.00194809151102
10,0.0
40,0.00176280610655
96,0.0101239598626
12,0.0
12,0.000454324311613
68,0.000838268324146
8,0.0
28,0.0
108,0.00815869169049
4,0.00339557788433
4,0.0
22,0.0
246,0.00160438213878
404,0.237724956425
8,0.0
16,0.00805945479095
12,0.0
8,0.000318904862255
38,0.00124681059687
26,3.85510658984e-07
8,0.0
2,0.0
68,0.000814097360661
40,0.00215255035238
18,0.000332014554874
16,0.0
8,0.0
53,0.00101936728449
4,0.0
4,0.000336435434521
84,0.00932319688711
2,0.0
56,0.000618986033093
2,0.0
24,0.000622415476139
123,0.00112193436023
2,4.79731556364e-05
12,0.0
28,0.000679616740723
2,0.0
60,0.000340020401224
16,0.00339557788433
4,0.0
12,0.00113619628969
10,3.46959593086e-07
2,0.0
2,0.0
22,5.00155487278e-06
20,0.0
20,0.000695781088818
16,9.79297206459e-07
26,0.000104102150108
4,0.0
4,0.0
4,0.00203873456897
4,1.92755329492e-07
20,0.000105500573919
8,0.0
14,0.000358790606185
4,0.0
84,0.0138895978612
4,0.00101950799588
4,0.0
16,0.0
14,0.0
4,0.00021824584044
24,0.00641710681611
4,0.00330889714848
16,0.000255374374401
22,1.85045116312e-06
12,0.00142772773863
4,4.08293868739e-05
4,0.00271738753305
2,0.0
8,0.0
4,0.000216175160873
2,0.0
56,0.000850872893114
4,0.0
4,0.0
24,0.000113449266158
4,0.000680040802448
68,0.00430350424554
4,0.0
4,0.00203873456897
6,0.0
48,0.011671077021
4,0.0
32,0.000551504273072
12,1.92755329492e-07
8,0.0
8,2.59338527594e-06
32,0.0007045264755
4,0.0114977783021
88,0.000916656034533
4,0.0
26,0.000101892729039
14,5.37291712721e-06
30,0.00098842487313
36,7.71021317968e-08
26,2.4063766277e-05
20,0.00399187515181
16,0.0
4,4.00931085344e-07
56,1.72818921127e-06
4,0.0
124,0.00548231741088
12,1.15653197695e-07
48,0.00135135472588
296,0.0541116310886
10,0.000222828719453
102,0.00166879826749
12,0.00045908224481
2,0.0
42,0.0
8,0.0
122,0.00101030595149
44,0.000890180369007
16,1.15653197695e-07
2,0.000679346883262
12,0.0071190133086
242,0.00184641510027
12,0.0
4,3.08408527187e-07
4,0.0
4,0.000322221076931
8,0.0
4,0.00110802026925
28,6.99073350279e-05
4,0.000680040802448
24,0.00069587214648
12,0.0205493372686
176,0.00349591950952
4,0.0
60,0.000364312777208
36,0.0074569134012
10,0.0
12,4.24061724883e-07
89,0.000512281419375
4,0.00812995718519
12,0.00109637321866
4,0.00203873456897
4,0.000760559028343
2,0.0
4,0.0
8,0.0
4,0.000466056203548
8,0.0
50,0.00239666412787
8,0.000341472950314
4,0.0
76,0.0173238771802
6,0.000295416563797
4,0.00745500512344
20,0.0017769449003
30,0.000109973150398
4,0.00203873456897
170,0.031827830568
4,0.00135961899211
267,0.0440801714053
4,0.00339557788433
40,0.0
8,6.12110580754e-05
20,0.00185448201032
4,5.32004709398e-06
48,2.53341834194e-06
70,0.0130135711811
60,0.00133687972578
12,1.73479796543e-07
78,0.00124723975496
28,0.000289232358084
26,3.56110657545e-05
8,0.0
89,0.00237396692781
146,0.0255681383307
28,0.00174523543445
42,0.0011879663532
28,0.000343012514667
8,1.07612546808e-06
4,3.08408527187e-07
2,0.0
106,0.0268798258816
2,0.000339659948758
2,0.0
4,0.000151621134806
24,0.00227284790192
64,0.00097376497607
122,0.000366826491518
192,0.0278483797373
24,0.000305414663864
24,2.24559958858e-06
38,0.000177173537595
4,0.000347301147971
12,4.46296574222e-05
4,0.00135961899211
10,0.0
4,0.000658586767123
4,0.0
8,8.09572383867e-07
50,0.000513828085043
20,0.000339904748026
4,0.0
4,0.00414415839248
12,0.0
4,0.0
86,7.81061349182e-05
8,0.00036290378193
24,0.00115085338975
8,0.00118807616554
4,0.00203873456897
246,0.00295213485223
2,0.000315584072554
42,0.00168128469915
26,0.000520937255505
26,0.000475541199335
6,9.25225581562e-07
4,0.0
2,0.0
12,8.09572383867e-07
32,0.000222200683692
4,0.00188960337242
4,0.0
36,2.40549362537e-05
4,1.92755329492e-07
8,0.0
54,0.00307411137445
16,0.000345133813426
4,0.000336011090371
212,0.00805938245182
28,0.000850517068743
52,0.00489007883762
4,4.7803321714e-07
2,0.0
8,4.84918311035e-05
2,0.000337095261279
12,0.00143726117513
8,1.15653197695e-07
18,0.000818110785775
32,0.000216913192956
4,0.0
4,1.15653197695e-07
20,0.000308912253771
8,0.000337063723306
8,0.0
40,0.000572616191968
16,0.0
14,0.0
4,5.78265988476e-07
2,0.0
26,5.93080612372e-06
2,1.73900680982e-05
6,0.00203638295395
2,0.0
12,0.0
16,0.000680040802448
46,0.000806051327076
4,0.000677033819308
4,0.0
34,0.0
64,0.00885936859597
16,6.01830215178e-06
18,0.00203919718176
28,0.00271738753305
4,0.0
16,1.11798091105e-06
338,0.283086304644
6,0.0
4,0.0
40,0.000124861991337
18,2.13404682244e-05
4,0.0
4,0.0
16,0.0
4,0.0
18,0.00141294080617
42,9.01208062944e-05
8,3.90080037033e-05
4,0.0
16,0.0
8,0.0
8,0.000339904748026
4,0.000892515017347
16,0.000338223921553
20,0.00177904828736
16,0.000855643029746
4,0.000340020401224
2,0.0
60,0.00126014685886
2,0.000678768617273
16,0.000335972539305
4,0.0
4,0.0
6,0.0
18,2.15814077327e-05
166,0.00134357476683
288,0.0390333831725
8,0.000680040802448
4,0.0
8,0.00135961899211
11,0.0
4,0.000429135998775
16,0.000179087445512
2,0.00203873456897
92,0.00163082716624
424,0.0694977793045
10,0.001685992316
8,0.000962708125122
24,0.0
6,3.08408527187e-07
14,0.0
8,0.00610510099994
4,0.0
8,0.0
6,3.46959593086e-07
4,0.00339557788433
4,0.0
4,0.00135961899211
97,9.88834840294e-07
4,0.00112014693023
258,0.0208863601509
20,6.64196366549e-05
8,0.0
354,0.0677992335435
4,0.00475057074853
14,4.00931085344e-07
106,4.62612790781e-07
26,0.0
4,0.000624247842358
4,0.0
4,0.0
18,0.00236013184681
4,0.0
8,0.0
8,4.20833208734e-05
42,0.00491773020933
4,0.00203873456897
100,0.0632365161864
10,0.0
12,0.0
38,0.00136702306549
14,1.91984308174e-06
16,0.000861732448519
32,0.00203873456897
4,0.0
108,0.000448591782645
4,1.15653197695e-07
142,0.010460564683
8,0.00430526495436
4,0.0
32,0.000665656458135
4,0.0
48,0.000169087029413
4,1.15653197695e-07
24,0.000361512775577
10,0.0
2,0.0
2,1.15653197695e-07
24,0.000128899294454
10,0.0
4,1.92755329492e-07
4,0.000150495766408
12,0.0
8,8.04156824667e-05
4,0.000680040802448
4,0.000224366143301
66,0.00175022448966
6,0.0
24,5.78265988476e-08
4,0.00616673455755
4,0.00203873456897
4,0.00271738753305
24,0.00021272483676
8,0.0
12,0.000328764925519
28,5.39714922578e-07
28,0.00181930586199
271,0.086615605373
44,0.00182765590266
48,0.0
4,1.84927408993e-05
14,1.92755329492e-07
8,0.000559041912717
138,0.016349125424
98,0.00135603050475
4,4.9730875009e-07
113,0.00317773331375
4,1.15653197695e-07
8,1.92755329492e-07
16,0.0
8,0.000214870172501
4,0.00101853265391
116,0.000339981850158
94,0.008388687099
4,6.41899879038e-05
20,0.0006682384745
8,1.98206396293e-06
20,0.00033083368222
8,0.0
26,0.00445920270039
4,2.31306395391e-07
6,0.0
2,1.6711887067e-06
4,0.0
76,7.08588608814e-05
6,0.0
8,0.00135931058358
50,0.000222042510925
26,0.000213421724427
95,0.017220477955
207,0.0380469738913
126,0.00117144590387
22,0.0
20,0.00365067652872
162,0.00527661113818
12,0.000736281024934
122,0.00076002771839
4,0.00271738753305
12,0.00169862283151
4,0.000918125025953
6,2.69938491558e-05
50,0.000340557913229
8,0.00407399954201
38,0.000534249383093
4,6.93919186172e-07
36,0.00133306699316
120,0.00140769406113
22,0.000254526955753
26,1.92755329492e-07
28,0.000302938969887
126,0.000895192544062
46,2.60497551941e-05
46,0.0
4,0.00203873456897
36,0.000422834684185
48,0.000858330633528
8,1.15653197695e-07
12,0.0
12,6.93919186172e-07
64,0.00301831244316
24,2.12030862441e-07
4,0.0
36,0.000670863291268
22,0.0
24,0.0
8,0.0
62,0.00269020441062
4,0.00542737326144
68,0.00166184525206
22,5.78265988476e-08
80,0.00157222698633
46,1.92755329492e-07
40,0.00182697075247
28,0.00373490436637
24,0.0
16,0.0
59,8.37796588004e-05
96,2.42785141712e-05
256,0.0297569144302
120,0.00335127275633
152,0.00939167976144
4,7.16054987755e-05
4,0.00135961899211
8,0.0
4,0.000335441643452
2,0.0
20,0.00153150021434
28,0.000394190566797
16,4.8188832373e-07
169,0.0232042718778
48,2.25966154881e-05
4,0.0
6,0.000339904748026
4,0.000163409162242
36,5.43291303258e-05
4,4.62612790781e-07
4,0.00135961899211
32,0.00101809509931
8,0.0
8,0.000834750507985
4,3.08408527187e-07
16,0.000157717647413
4,0.000160448195965
4,2.31306395391e-07
12,0.00135961899211
78,0.000106123018562
116,0.000852901364616
12,0.000197386906408
18,0.00325392265188
2,0.0
6,0.00542852979342
58,0.000474039188586
36,0.00326933930059
78,1.81190009723e-06
4,0.00135961899211
52,6.506994211e-05
54,1.92755329492e-07
28,2.12030862441e-07
4,0.0
60,0.0
8,3.08408527187e-07
228,0.00520455438799
36,0.00339650310991
4,0.00481835044751
4,0.0
12,0.0
4,0.0
36,0.0
30,0.00150351794741
49,0.00514891907459
205,0.0317986496952
10,0.0
12,0.00135961899211
78,0.000221747579518
184,0.108005132901
8,6.09237013625e-06
8,0.00475161162731
12,0.000750575322667
4,0.000669218967521
8,0.00610371316157
28,1.91929742599e-06
16,0.00136009690464
20,0.000757717758042
46,1.15653197695e-07
88,0.00595538960462
4,0.0
78,0.0108288274915
70,2.59063162837e-06
55,0.00103530385052
48,0.000461426717798
16,7.75723775031e-05
112,0.00273713323285
4,0.00339557788433
4,0.0
2,0.0
4,0.0
20,0.0
12,0.000217513374742
14,0.0014365365721
14,0.0
14,0.000585765064742
4,0.000388128518282
2,0.0
4,0.000332909657119
207,0.0455079281698
4,0.000216811436013
24,0.00564198122417
6,0.00101982989728
68,0.01893815244
8,4.69653820375e-05
32,0.0
4,0.000232165081248
20,0.00159673888823
20,0.000338825318181
8,0.000680040802448
4,1.73479796543e-07
20,0.0
16,0.0
6,0.0
2,0.0
8,0.0
24,5.78265988476e-07
4,0.000251136110068
4,0.00156761357315
60,0.00244066421839
30,1.15653197695e-07
4,0.0
12,0.000336435446997
4,0.0
62,0.00369184528676
28,1.34928730644e-07
30,0.00267687992742
14,1.15653197695e-07
2,0.0
4,0.0
69,0.0
4,0.00869896399272
2,0.0
24,0.0
4,0.00191321791855
16,0.000680040802448
24,0.0
4,0.0
10,0.0
18,0.0
12,0.0
236,0.0831403077207
48,0.00133780471228
16,0.000696233944636
8,0.0
48,0.00187858947653
66,0.000347543330647
36,0.00177939183453
16,0.000236488835406
48,0.000580558454157
4,0.000335394273316
32,0.000340136054422
8,0.0
20,0.00069133482922
14,0.000177411818299
4,0.00407330562283
46,0.00203873456897
4,0.00203873456897
4,0.0
60,0.00561146739498
118,0.00306920814762
8,0.0
12,0.000223774444019
28,0.0005233964081
8,0.000321647428451
4,0.0027116241487
8,0.0
80,0.0
108,0.0122021675366
104,0.00561724638906
11,2.45570289773e-06
2,0.000339442135236
36,0.00209117120861
462,0.228571119038
18,3.41360818121e-05
4,0.0
2,0.0
8,0.0
4,0.000132524194102
4,0.00135961899211
6,0.0
4,0.000190772126261
36,0.00145882424293
4,0.000679177258572
2,0.00271738753305
8,0.000243491333566
10,0.000200858025538
4,0.0
64,0.00098880958701
14,0.0
4,1.15653197695e-07
8,0.0
12,0.0
16,0.0
32,0.00045397735202
16,0.0
4,0.000105282002945
114,0.0020478024785
8,0.00022088709954
6,0.0
26,1.76499630038e-06
8,0.000967394466022
4,0.00271738753305
2,0.0
38,0.0
4,0.0
32,0.000615473107146
4,0.00937176820937
22,2.63689290745e-06
20,0.00151719964712
78,0.000795555247833
64,2.21165462406e-06
4,0.000365865920307
12,0.000339634890565
12,0.000160014631307
4,0.000313943575745
14,7.53691973134e-05
26,8.48123449765e-07
8,0.0
2,0.000339904748026
2,1.15653197695e-07
181,0.045942591727
16,3.08408527187e-07
332,0.0108076992094
88,0.00132073093164
48,0.000437254665263
4,0.00067691238345
28,1.92755329492e-07
32,0.000340405911883
38,8.5312116827e-05
8,4.62612790781e-07
4,2.31306395391e-07
14,0.0
2,0.0
8,0.0
8,0.000190991867336
50,0.00506360149226
8,0.000217911600576
12,0.0
26,3.20511059092e-05
8,0.0
24,0.00543948628639
168,0.00756695875097
18,0.000339442135236
22,0.00427122560566
22,0.0
4,0.000234142409402
34,5.59190720804e-07
6,0.0
92,0.00148381385728
8,0.0
6,0.0
2,0.0
4,0.0
4,0.00135616867171
185,0.00232572959821
16,3.85510658984e-07
20,4.62700975459e-06
4,0.00339557788433
16,0.00105743570672
246,0.0201031521227
4,0.00128656595214
2,0.0
2,1.77334903133e-06
4,0.00135961899211
4,1.15653197695e-07
4,0.0
74,0.00273031785211
6,0.00019806742218
26,1.7899235025e-05
26,0.00240050135057
2,2.31306395391e-07
52,0.00397770078851
34,7.10330603299e-05
121,0.031744386869
32,0.00777247700622
46,1.45943320901e-06
22,0.0
62,0.00150034647409
44,0.0
24,0.00355223358178
32,0.000696554129548
20,0.000593768639857
42,0.00028922866068
2,0.0
12,0.000714477169251
12,0.0
10,0.000339789094829
4,0.0
54,0.00358990044243
70,0.00217588149816
42,3.08408527187e-07
36,0.0
4,0.0
16,0.0
86,0.00102713801419
8,0.00135857811333
12,0.0
24,0.000339904748026
50,2.11848093065e-05
172,0.00852668611875
20,0.0
4,0.0
40,0.000529347709971
208,5.78093932298e-05
20,0.000798686741829
4,0.0108251393043
38,0.00368820430205
132,0.00447238135502
278,0.0578431141604
4,7.3247025207e-07
18,0.0
32,0.00240828706092
4,0.000231650765916
4,0.0
16,3.53472218197e-05
8,0.0
20,0.000314140175394
16,0.00219419197646
40,0.00276972039197
4,0.00144967019258
52,0.000670863291268
8,0.0
8,0.0
84,0.00652414752698
24,0.00123793222603
44,0.00448219364817
4,0.0
8,0.000238814914978
24,0.00243249465009
12,0.00088932604609
12,6.93919186172e-07
180,0.0106963072807
14,9.95407118487e-05
34,7.71021317968e-08
51,0.0112411561524
4,0.0
4,0.00339557788433
4,6.6444597841e-06
2,3.08408527187e-07
8,0.000123334838201
18,3.41360818121e-05
4,0.0
4,4.75488846791e-05
4,0.00067842165768
4,0.0
48,0.0210813612536
4,0.0
4,0.0
28,0.000656562131893
8,0.000205308137513
4,0.000339519237367
24,0.00610413847706
4,0.000203802640663
347,0.084366848788
4,0.000837278074247
8,0.0
4,0.000245194233061
30,0.000195384670125
8,0.0
44,1.27218517465e-06
16,0.000472969270994
122,0.00183070310308
4,0.00271738753305
32,0.00259657942238
52,0.00275502874633
28,0.00410852180849
4,0.000679770944987
108,0.0630929819743
20,0.000339904748026
125,0.00702333849581
6,0.00203885022217
6,0.0
2,0.0
4,0.000776979823092
8,7.21455661813e-07
4,0.0
8,0.000745007223222
172,0.00063281119642
12,0.00135961899211
8,1.15653197695e-07
12,3.66235126035e-07
14,1.11180111878e-05
190,0.0151119880902
4,0.0
22,0.0
4,0.0
8,0.000679963700316
16,1.20652185958e-05
48,0.017890990693
136,0.00909907604467
2,0.0
12,0.000380240439207
4,0.00610371316157
16,0.00288288378067
4,0.00271738753305
146,0.00521838946277
6,0.0
4,0.0
24,0.00412375884816
8,0.0
12,0.0
2,0.0
112,0.00172675077639
4,0.0
28,0.0
4,0.0
18,0.000668437058115
6,0.0
8,7.71021317968e-08
12,0.0
52,0.000630772318711
4,0.000680040802448
8,0.000339688862057
4,0.0
18,0.000143804554512
162,0.0139197245251
52,0.00234496787292
34,0.0
4,0.00271738753305
4,0.000314156551017
6,2.69857461289e-07
9,0.000339789094829
88,0.000970977876941
4,0.0
12,0.000256427848093
6,0.0
16,0.000195407095554
4,0.0
68,0.000334855514888
75,0.0074569712278
56,0.000673151804656
43,0.00297842996237
46,0.000184570907331
96,0.000586803483178
2,0.0
12,0.0
42,0.00019920955693
56,0.00121388791018
4,0.00122201829175
14,1.92755329492e-07
4,0.0
50,0.000248285157892
8,6.96232250125e-06
48,0.00318311137965
16,0.000340136054422
30,0.0
2,0.0
306,0.17558679332
4,1.46108539755e-06
4,0.0
38,0.000262299772933
2,0.0
52,0.00186749365344
6,0.0
8,0.000753269076871
46,0.00118901933217
28,0.00101998410154
66,0.000315497902847
2,1.04087877926e-06
4,0.0
4,0.0
8,0.0
16,1.90442265538e-06
4,0.000467439325384
4,0.0
20,3.39910255322e-06
4,0.00054448330859
16,0.00100805833249
70,0.000533392389976
12,0.000566700668707
30,0.000949091408736
12,0.000408689708161
44,0.0192863223188
4,0.000186768519784
4,0.00135961899211
14,0.00407103110994
64,0.0145313845556
8,0.00135961899211
4,0.00271738753305
68,0.000101494844937
64,0.0011863410361
6,0.0
34,2.96171067081e-06
2,0.0
8,0.0
140,0.0187372099314
26,0.00105395364808
28,0.000315596358848
16,0.000293530669649
12,0.000314005973108
4,0.000680040802448
16,1.54204263594e-06
2,0.0
197,0.0796800501056
48,0.00102705032834
4,0.0
60,0.00344723062671
164,0.00319953877143
8,0.000271119787892
4,0.0
8,0.00169867561668
4,8.63543876125e-07
4,0.000339557788433
34,0.0015945757111
98,0.000876182085021
4,2.31306395391e-07
44,0.00631240733758
8,0.0
4,0.0
64,0.0
8,0.000256974811867
52,0.00101894322276
4,2.31306395391e-07
4,0.000679578189657
4,0.00475057074853
4,0.0
82,0.000782391976462
20,0.0
8,0.000679331462836
24,0.000708158574066
4,0.0
4,0.000340855031801
14,0.0
111,0.00752731563032
4,1.73479796543e-07
2,0.00475057074853
4,0.000679979120743
18,0.0
8,0.0
4,0.0
12,0.000732988763906
36,0.000658140224695
38,0.000324633103871
48,0.00107651443623
4,0.0
8,0.000333509766562
1,0.0
12,2.31306395391e-07
4,0.000170521002235
4,0.00407330562283
4,1.576068541e-05
108,0.00403705256145
20,0.0
4,0.0
14,0.0
12,0.000217177429739
4,9.25225581562e-07
4,0.000679578189657
64,0.00180164804405
88,0.00625359785192
4,0.00271738753305
8,0.00115012113525
42,0.00193607214575
12,0.00133301117292
2,0.0
4,3.14191187072e-06
12,0.0
4,0.000680040802448
20,0.0
4,0.0
12,8.37645326539e-05
12,0.000680040802448
67,0.00589859148923
22,0.0
4,0.0
8,2.5058192834e-07
2,0.0
4,0.0
72,0.00480677867318
84,0.00203631427224
78,0.00359152936435
38,0.000139462013028
40,1.39554858552e-05
8,0.0
4,0.0
4,0.00346996633746
4,1.00232771336e-06
4,0.0
4,0.0
32,0.000339904748026
8,7.98007064097e-07
24,6.72963060424e-05
4,0.0
212,0.163514337096
4,0.000339789094829
4,0.0
44,5.44120758681e-07
58,0.00207717947359
12,0.0
24,0.00050100981202
216,0.0169821216378
4,0.0
210,0.0226812125024
67,0.00237060141976
16,1.38783837234e-07
4,0.00359971735878
8,0.0
4,0.0
28,0.000191188632479
22,2.12030862441e-07
22,0.00129048693184
220,0.00245743141046
4,0.0
40,0.00372964214588
8,0.0
90,0.00786699495409
90,0.0378450318855
16,0.00236697376446
3,0.0
318,0.0264634049774
4,0.0
68,0.00346200887291
4,0.0
80,3.16118740367e-07
20,4.37996850435e-06
6,0.000616587690632
20,4.49036103661e-05
8,0.0
210,0.0479440080274
4,0.000680040802448
12,0.000461563655613
38,0.000163934032879
6,0.0
22,0.000632415432034
4,0.0
12,0.000338363504389
4,2.31306395391e-07
12,1.92755329492e-07
4,0.0
8,0.0128013361598
16,3.26481634034e-06
26,1.92755329492e-07
54,0.00166106616512
36,0.00166941633706
4,0.0
42,0.000238225427945
28,0.000342617816594
14,0.0
4,3.08408527187e-07
4,0.00339557788433
16,0.0
8,1.97057729728e-05
4,0.0
4,3.28277041696e-05
34,1.81381806786e-05
2,1.99163818369e-06
4,0.000843050382728
60,2.35602085591e-06
16,0.00113825701204
24,0.0
20,0.000132353519442
4,0.00121742698741
12,0.0
8,1.92755329492e-07
4,1.15653197695e-07
12,0.000227077343461
2,0.0
4,5.94115867773e-05
8,7.71021317968e-08
138,0.0186154926238
4,2.31306395391e-07
12,0.0
8,0.00542737326144
81,0.00289130890383
154,0.00260747280113
8,0.000996048971349
70,0.00162924456688
2,0.0
110,0.00854916035624
4,0.00533147331354
4,0.0
92,0.0
114,0.00403971311364
12,0.0
4,0.0
18,0.000564843592082
98,0.000826275768365
34,0.000235902275539
6,1.48421603709e-06
38,0.00291594768004
40,5.04732641731e-05
4,0.0
8,0.0
4,0.0
8,0.0
4,0.00407330562283
10,0.000469189847618
4,0.0
22,0.00330873529946
20,0.0
68,0.00115657545366
70,0.00918913195537
4,0.00026637494899
84,0.00320618123678
8,0.0
4,0.000193530605602
2,0.0
24,0.000520824995288
34,4.35789179804e-05
2,0.0
4,0.0067795904489
4,0.000680040802448
8,0.0
8,0.00203873456897
4,4.49893920611e-05
10,8.09572383867e-07
172,0.00388159385069
8,0.0
92,0.0126735005101
16,0.000339789094829
4,1.38783837234e-06
16,0.0
4,1.05871182452e-05
16,0.0
44,0.00104223941331
4,0.00542737326144
38,0.000898829574953
4,0.0
12,1.92755329492e-07
168,0.0111477220694
2,0.0
4,0.0
115,0.144256441973
2,0.0
28,0.000488194387938
5,0.0
20,0.0
24,1.92755329492e-07
4,0.00339557788433
10,0.00136748340955
4,6.93919186172e-07
44,0.000606323454237
12,0.0
32,0.000241482942893
58,0.000818725743212
116,0.00140172105764
135,0.0958753309037
28,0.00058901979422
28,2.68900952942e-05
22,0.0011004533186
8,3.13075450254e-05
158,0.00256304077628
8,1.42253433165e-06
4,0.00135961899211
14,0.0
4,0.0
10,0.00542737326144
4,0.000988841530038
2,0.0
28,2.31306395391e-07
20,0.0
68,0.000493421953875
4,0.0
32,0.0
24,0.000450624694322
8,0.000331016412027
200,0.00983884588908
24,0.00438869627865
24,0.000340390491457
8,0.0
8,0.000733925072647
16,0.000758462172727
4,0.0
52,0.00271778846413
4,2.31306395391e-07
4,1.15653197695e-07
2,0.0
74,0.00119125855809
82,1.159179715e-06
100,0.0345771432713
4,4.58757684191e-07
62,5.39714922578e-07
30,0.00292040215278
30,0.00169718561799
8,0.00130708400921
4,0.0
68,0.0
196,0.140052438482
48,0.00352024878141
108,0.044604863804
74,0.00755497526246
4,2.31306395391e-07
8,0.0
2,0.0
26,0.000679443260927
291,0.0711421800002
22,0.000711916529012
6,0.000677817857869
2,0.0
8,0.000680040802448
10,0.0
40,0.000334681078597
2,1.15653197695e-07
35,0.00113690913993
18,0.00126518354284
16,0.00303287512531
4,6.71498555759e-07
4,0.0
24,0.00297091190501
24,0.000342964249616
4,0.000346010954439
24,0.000339557788433
4,1.15653197695e-07
80,8.57676022328e-05
2,1.92755329492e-07
8,0.000338940971379
12,0.0
30,0.00232457992409
50,0.00352693345118
12,0.00542737326144
42,5.67524645518e-05
18,0.0
8,5.90995183283e-05
30,7.71021317968e-08
42,0.0
4,0.000173392874197
22,0.000231823923381
2,0.0
2,1.85045116312e-06
4,0.0
12,0.0
48,0.0106868321039
2,0.000259842798329
6,0.0
4,7.71021317968e-07
24,2.06248202557e-06
4,2.56495160125e-05
2,0.000224061675741
60,0.00156413821218
4,0.000680040802448
44,0.0
4,0.0
4,0.000227085053675
38,0.0
28,0.00203873456897
28,0.00304442916234
8,3.46959593086e-07
40,0.000687540878903
1,0.0
12,0.0245405676722
4,0.000338336545739
46,0.000460365866808
12,0.00203873456897
4,0.0
4,0.0
16,0.000193018366914
8,0.0
4,1.94297372128e-06
16,0.000966714753787
2,0.0
28,0.000173487761031
4,0.0
1,0.0
136,0.00570538366029
6,0.0
42,0.00108437327362
26,5.59190720804e-07
20,0.000338208501127
2,0.0
4,2.31306395391e-07
8,0.0
4,0.0
8,0.0
6,0.00135834680693
24,0.0
83,0.00772693296242
6,0.000482435993059
99,0.00343109536446
8,0.00135961899211
4,0.00135961899211
2,0.0
6,0.0
136,0.00452243325076
2,0.0
14,0.000678097289551
4,0.0
4,0.000331451967887
58,0.00124755951428
24,0.0
140,0.00167627987444
14,7.34397805365e-06
4,0.0
30,0.000528782631863
4,0.000680040802448
12,7.98193978356e-06
194,0.00237193235041
12,0.00022650293258
12,3.3362276005e-06
10,7.52255639951e-06
178,0.00082628973192
48,0.00125520356203
2,0.0
12,1.15653197695e-07
16,0.0
36,0.000339904748026
20,0.00062143328076
12,3.85510658984e-08
48,0.00158232109665
84,0.00994512857035
2,0.0
4,5.78265988476e-07
4,0.00159631537724
24,3.90136786892e-06
16,0.0
12,0.00100741538769
16,0.000385685404927
4,4.62612790781e-07
42,2.29774366018e-06
12,0.0
86,0.00447710833584
2,1.15653197695e-07
4,0.000680040802448
14,0.0
24,0.000222848842262
38,0.00513986558705
4,0.00256177975742
8,0.000130455013475
16,0.000493040976269
40,0.00139953842644
2,1.21998825526e-06
12,0.000222076675287
80,3.08408527187e-07
2,0.0
14,0.0
8,0.000225716490835
8,0.000333808345097
8,0.000679693842855
4,0.000211172156498
10,0.00236921358139
28,9.08703696177e-08
30,1.15653197695e-07
14,0.0
4,1.92755329492e-07
178,0.00489724340365
46,0.00144132966395
14,0.0
4,0.000339056624577
2,1.15653197695e-07
4,0.0
4,0.00271738753305
4,0.00203825268065
4,0.0
2,0.0
4,0.0
4,0.0
72,0.0382008810827
8,6.62556520429e-05
4,0.0
4,0.00549254250253
8,3.08408527187e-07
14,3.20489407514e-05
12,0.00475076350386
139,0.0452889950803
134,0.00335876573013
16,0.000217383053562
74,0.000209962945391
2,1.36278017951e-06
4,0.0
92,5.99274628302e-05
2,3.59295934173e-06
4,0.0
2,0.0
4,2.31306395391e-07
4,0.0
157,0.0353488892306
12,0.000341666531738
22,0.0
104,0.00388797032721
12,0.000674483978623
4,0.000679385434328
4,3.06480973892e-06
92,0.0383343924874
4,1.86818465344e-05
22,0.00101929018235
8,1.15653197695e-07
8,0.000960227518329
12,6.89091177174e-06
32,0.00123488963997
34,1.51880246733e-05
8,0.0
4,0.0
8,0.00016490925578
130,0.00147411607022
24,0.00034426619533
20,0.000104217281231
58,0.00065909725712
20,1.61914476773e-06
54,0.0
20,0.000709342327822
4,0.0
20,0.0
8,0.00203873456897
4,0.0
16,2.31306395391e-07
32,0.00271738753305
4,0.000516631640206
2,0.0
24,0.00230799642443
4,0.000147940987694
4,0.0
16,0.0
20,1.92755329492e-07
4,0.0
4,0.00339557788433
4,0.0
12,0.00237829235741
2,0.0
4,0.0
8,0.00203873456897
16,0.0
20,7.04964191246e-05
2,0.0
24,0.0187930273421
4,6.93919186172e-07
8,1.11293246421e-05
28,0.000339904748026
4,1.15653197695e-07
10,0.000342756902068
8,0.000335854646552
20,0.0
2,0.0
24,0.000460326804361
128,0.00141294759633
64,0.000339904748026
21,0.00101134500537
6,0.0102764191059
38,0.00075116499368
14,0.000340020401224
28,0.000334820985075
4,0.00271738753305
44,5.02576129328e-05
2,2.31306395391e-07
90,0.0116971344076
34,7.86441744328e-07
6,6.24527267554e-07
106,0.00387674169222
24,4.20206618293e-07
26,0.0
8,0.0
4,0.0
20,6.71669648673e-05
52,0.00135961899211
4,0.0101520376937
8,0.0
54,0.0
68,1.15653197695e-07
2,0.0
30,0.00101902032489
30,7.71021317968e-07
34,1.29796880157e-05
38,4.24061724883e-07
4,2.94530143464e-06
22,0.0
